threshold,games,bins,ece,binary_brier,model,stage,group_log_loss
20000,1617,10,0.004003962884452178,0.1771460842795244,prior,before,0.7104372421206543
100000,1617,10,6.23057765894025e-05,0.07028063763998255,prior,before,0.7104372421206543
500000,1617,10,0.003290255185859148,0.014032378629259339,prior,before,0.7104372421206543
20000,1617,10,0.004003962884452178,0.1771460842795244,prior,after,0.7104372421206543
100000,1617,10,6.23057765894025e-05,0.07028063763998255,prior,after,0.7104372421206543
500000,1617,10,0.003290255185859148,0.014032378629259339,prior,after,0.7104372421206543
20000,1617,10,0.03323336616907322,0.1416101037958897,genre_only,before,0.6212762130881603
100000,1617,10,0.0179145649947444,0.057862741217834385,genre_only,before,0.6212762130881603
500000,1617,10,0.0060813887600097965,0.012603066250561276,genre_only,before,0.6212762130881603
20000,1617,10,0.03677761008467308,0.14197403280156526,genre_only,after,0.6159340135053892
100000,1617,10,0.013751623816257337,0.056936435559002144,genre_only,after,0.6159340135053892
500000,1617,10,0.006995985736023186,0.012082047827671532,genre_only,after,0.6159340135053892
20000,1617,10,0.03810174096843494,0.1491607499393737,logistic_additive,before,0.6318353686150242
100000,1617,10,0.021328748440300735,0.057647409057219115,logistic_additive,before,0.6318353686150242
500000,1617,10,0.003302477170237147,0.010910369458571175,logistic_additive,before,0.6318353686150242
20000,1617,10,0.04846646830839653,0.15184911360568185,logistic_additive,after,0.6443125693830893
100000,1617,10,0.02365169805126458,0.058096015116108526,logistic_additive,after,0.6443125693830893
500000,1617,10,0.009792763287070343,0.011354273095909303,logistic_additive,after,0.6443125693830893
20000,1617,10,0.015923415036372904,0.13802372255464024,hgb_additive,before,0.5911095569993059
100000,1617,10,0.007292088988055773,0.05376657717964405,hgb_additive,before,0.5911095569993059
500000,1617,10,0.0031916058090674135,0.011592750019085017,hgb_additive,before,0.5911095569993059
20000,1617,10,0.02714251696539216,0.1383543441219381,hgb_additive,after,0.5954323371635529
100000,1617,10,0.009636505221737406,0.05356624893357815,hgb_additive,after,0.5954323371635529
500000,1617,10,0.00604726815813891,0.011664708824075004,hgb_additive,after,0.5954323371635529
20000,1617,10,0.02755696829289506,0.13923022767631724,hgb_interactions,before,0.5997998023690457
100000,1617,10,0.010735947692229386,0.05337804616235341,hgb_interactions,before,0.5997998023690457
500000,1617,10,0.007275678531487578,0.01220013427238091,hgb_interactions,before,0.5997998023690457
20000,1617,10,0.03371114491423871,0.1395727187383823,hgb_interactions,after,0.5989146526892692
100000,1617,10,0.017969829704846077,0.052888963105517946,hgb_interactions,after,0.5989146526892692
500000,1617,10,0.007410189031634775,0.011711728954516722,hgb_interactions,after,0.5989146526892692
