feature,log_loss_increase,std,derived_input,evaluation_games
log_age,0.13893230347183141,0.007146437302469006,False,1200
language_count,0.039905605691133585,0.0007631742043354152,False,1200
log_price,0.03331122529447802,0.004054812784026242,False,1200
mechanic_open_world,0.006878516275583446,0.0018255332542686255,False,1200
mechanic_exploration,0.005015610652284508,0.002015881816602011,False,1200
genre_rpg,0.0036360207302494896,0.0003758430484042457,False,1200
genre_casual,0.0036055558489314077,0.0018720287427078214,False,1200
mechanic_platforming,0.003216328753109362,0.0004928788324147871,False,1200
mechanic_real_time_combat,0.0023623225487930575,0.00038953305980236815,False,1200
mechanic_survival,0.0021722838779707856,0.0003716381293160652,False,1200
mechanic_branching_story,0.0014931046949415716,0.0021729141489600597,False,1200
genre_simulation,0.0013310678452598628,0.0015800972550642962,False,1200
mac,0.0009094894095988589,0.0006530539485639455,False,1200
mechanic_turn_based_combat,0.0007435413295130052,0.00029943449921508947,False,1200
mechanic_pvp,0.0005860046338576804,0.0011755619399239233,False,1200
mechanic_vehicle_driving,0.000528843187223312,0.00016341640179571602,False,1200
genre_action,0.0005278340784687178,0.000419172722904096,False,1200
mechanic_character_customization,0.00034981697179226057,0.0002471438260011252,False,1200
mechanic_dating,0.00032367703197466735,0.0005535648350709583,False,1200
genre_adventure,0.0002901640654827305,0.000595421832081933,False,1200
mechanic_procedural_generation,0.00027729239095034924,0.00029247644590747767,False,1200
mechanic_destruction,0.00024146567129986382,0.000196098038834327,False,1200
genre_massively_multiplayer,0.00022522279092203798,6.434996600918323e-05,False,1200
mechanic_loot,0.0002247843116310877,0.00031757643285144026,False,1200
mechanic_skill_tree,0.0002204548836764649,9.713986797899358e-05,False,1200
mechanic_rhythm,0.0002137123608193144,0.00021687730625298156,False,1200
mechanic_user_content,0.00013606538621017497,0.0009255621684175296,False,1200
mechanic_farming,0.00013032126979387973,0.00021834164098881678,False,1200
mechanic_co_op,0.0001158051874628289,0.0012737044050999966,False,1200
mechanic_fishing,6.3950215589433e-05,6.763812204567749e-06,False,1200
mechanic_boss_battles,4.2114642344751964e-05,8.000368670397001e-05,False,1200
windows,0.0,0.0,False,1200
mechanic_count,0.0,0.0,True,1200
mechanic_taming,0.0,0.0,False,1200
mechanic_time_manipulation,-2.5980549337112357e-05,2.3327553204402167e-05,False,1200
mechanic_automation,-7.011991844729781e-05,0.0002779958981117207,False,1200
mechanic_tower_defense,-8.209675443397273e-05,0.00014997364675910617,False,1200
mechanic_deck_building,-0.00010077439641535217,0.00022313060138112135,False,1200
mechanic_trading,-0.00012443539527654904,0.00021966421455752694,False,1200
mechanic_base_building,-0.000141966889016798,7.689382999174879e-05,False,1200
genre_strategy,-0.00019373946941988093,0.0006323790102859259,False,1200
mechanic_permadeath,-0.00021086866107496624,0.00016619078211198355,False,1200
mechanic_parkour,-0.00039924483449079357,0.0001212934499421712,False,1200
mechanic_resource_management,-0.00040398199153738695,0.0008658544969547564,False,1200
genre_racing,-0.0004903982759439929,0.0002556329891981173,False,1200
linux,-0.0006003441225891359,0.000456559979779709,False,1200
mechanic_quests,-0.0006457831190995744,0.00022336739294307018,False,1200
mechanic_stealth,-0.0007398374256100126,0.0006340291289053102,False,1200
mechanic_physics,-0.0008131020465155236,0.0016180669273707722,False,1200
genre_indie,-0.000842006270621772,0.0008571150146325215,False,1200
mechanic_crafting,-0.0009724615634740807,0.00047837495646491,False,1200
mechanic_puzzles,-0.0021060782946069243,0.0007719732496832314,False,1200
genre_sports,-0.002353935096881088,0.0007616542952849094,False,1200
