threshold,bin,bin_lower,bin_upper,games,developer_groups,mean_probability,observed_fraction,model,stage
20000,0,0.0,0.1,0,0,,,prior,before
20000,1,0.1,0.2,0,0,,,prior,before
20000,2,0.2,0.3,1617,1353,0.2340596215115394,0.2300556586270872,prior,before
20000,3,0.3,0.4,0,0,,,prior,before
20000,4,0.4,0.5,0,0,,,prior,before
20000,5,0.5,0.6,0,0,,,prior,before
20000,6,0.6,0.7,0,0,,,prior,before
20000,7,0.7,0.8,0,0,,,prior,before
20000,8,0.8,0.9,0,0,,,prior,before
20000,9,0.9,1.0,0,0,,,prior,before
100000,0,0.0,0.1,1617,1353,0.07612909612909403,0.07606679035250463,prior,before
100000,1,0.1,0.2,0,0,,,prior,before
100000,2,0.2,0.3,0,0,,,prior,before
100000,3,0.3,0.4,0,0,,,prior,before
100000,4,0.4,0.5,0,0,,,prior,before
100000,5,0.5,0.6,0,0,,,prior,before
100000,6,0.6,0.7,0,0,,,prior,before
100000,7,0.7,0.8,0,0,,,prior,before
100000,8,0.8,0.9,0,0,,,prior,before
100000,9,0.9,1.0,0,0,,,prior,before
500000,0,0.0,0.1,1617,1353,0.017514126552587658,0.01422387136672851,prior,before
500000,1,0.1,0.2,0,0,,,prior,before
500000,2,0.2,0.3,0,0,,,prior,before
500000,3,0.3,0.4,0,0,,,prior,before
500000,4,0.4,0.5,0,0,,,prior,before
500000,5,0.5,0.6,0,0,,,prior,before
500000,6,0.6,0.7,0,0,,,prior,before
500000,7,0.7,0.8,0,0,,,prior,before
500000,8,0.8,0.9,0,0,,,prior,before
500000,9,0.9,1.0,0,0,,,prior,before
20000,0,0.0,0.1,0,0,,,prior,after
20000,1,0.1,0.2,0,0,,,prior,after
20000,2,0.2,0.3,1617,1353,0.2340596215115394,0.2300556586270872,prior,after
20000,3,0.3,0.4,0,0,,,prior,after
20000,4,0.4,0.5,0,0,,,prior,after
20000,5,0.5,0.6,0,0,,,prior,after
20000,6,0.6,0.7,0,0,,,prior,after
20000,7,0.7,0.8,0,0,,,prior,after
20000,8,0.8,0.9,0,0,,,prior,after
20000,9,0.9,1.0,0,0,,,prior,after
100000,0,0.0,0.1,1617,1353,0.07612909612909403,0.07606679035250463,prior,after
100000,1,0.1,0.2,0,0,,,prior,after
100000,2,0.2,0.3,0,0,,,prior,after
100000,3,0.3,0.4,0,0,,,prior,after
100000,4,0.4,0.5,0,0,,,prior,after
100000,5,0.5,0.6,0,0,,,prior,after
100000,6,0.6,0.7,0,0,,,prior,after
100000,7,0.7,0.8,0,0,,,prior,after
100000,8,0.8,0.9,0,0,,,prior,after
100000,9,0.9,1.0,0,0,,,prior,after
500000,0,0.0,0.1,1617,1353,0.017514126552587658,0.01422387136672851,prior,after
500000,1,0.1,0.2,0,0,,,prior,after
500000,2,0.2,0.3,0,0,,,prior,after
500000,3,0.3,0.4,0,0,,,prior,after
500000,4,0.4,0.5,0,0,,,prior,after
500000,5,0.5,0.6,0,0,,,prior,after
500000,6,0.6,0.7,0,0,,,prior,after
500000,7,0.7,0.8,0,0,,,prior,after
500000,8,0.8,0.9,0,0,,,prior,after
500000,9,0.9,1.0,0,0,,,prior,after
20000,0,0.0,0.1,450,406,0.05474978769125034,0.08,genre_only,before
20000,1,0.1,0.2,541,479,0.14383940447449867,0.1478743068391867,genre_only,before
20000,2,0.2,0.3,240,223,0.2454397345387313,0.20833333333333334,genre_only,before
20000,3,0.3,0.4,112,108,0.3471412047777584,0.42857142857142855,genre_only,before
20000,4,0.4,0.5,69,64,0.44637626681992,0.4492753623188406,genre_only,before
20000,5,0.5,0.6,52,52,0.5483361089185151,0.36538461538461536,genre_only,before
20000,6,0.6,0.7,39,37,0.6470415756285263,0.5384615384615384,genre_only,before
20000,7,0.7,0.8,40,38,0.7457044729582647,0.65,genre_only,before
20000,8,0.8,0.9,47,46,0.8474705816256867,0.7872340425531915,genre_only,before
20000,9,0.9,1.0,27,23,0.9466563357604654,0.8888888888888888,genre_only,before
100000,0,0.0,0.1,1338,1144,0.027600425499302046,0.03288490284005979,genre_only,before
100000,1,0.1,0.2,124,113,0.14603472518029167,0.20161290322580644,genre_only,before
100000,2,0.2,0.3,61,58,0.24650168739812017,0.22950819672131148,genre_only,before
100000,3,0.3,0.4,28,26,0.35474022811624834,0.17857142857142858,genre_only,before
100000,4,0.4,0.5,15,15,0.44548754894064346,0.3333333333333333,genre_only,before
100000,5,0.5,0.6,12,12,0.5482222534053346,0.5,genre_only,before
100000,6,0.6,0.7,16,14,0.6466821112882211,0.375,genre_only,before
100000,7,0.7,0.8,12,12,0.7514392686077183,0.8333333333333334,genre_only,before
100000,8,0.8,0.9,9,8,0.8430857450621092,0.7777777777777778,genre_only,before
100000,9,0.9,1.0,2,2,0.9289014902660716,0.5,genre_only,before
500000,0,0.0,0.1,1565,1318,0.005421435032202835,0.007028753993610224,genre_only,before
500000,1,0.1,0.2,20,18,0.13748236900216576,0.05,genre_only,before
500000,2,0.2,0.3,10,10,0.25053258358418284,0.3,genre_only,before
500000,3,0.3,0.4,7,7,0.34319123534733453,0.2857142857142857,genre_only,before
500000,4,0.4,0.5,5,5,0.45590418232956276,0.4,genre_only,before
500000,5,0.5,0.6,2,2,0.5422026149605994,1.0,genre_only,before
500000,6,0.6,0.7,4,3,0.6334098342644745,0.5,genre_only,before
500000,7,0.7,0.8,4,4,0.7356840599789835,0.0,genre_only,before
500000,8,0.8,0.9,0,0,,,genre_only,before
500000,9,0.9,1.0,0,0,,,genre_only,before
20000,0,0.0,0.1,145,134,0.06853740261327942,0.020689655172413793,genre_only,after
20000,1,0.1,0.2,715,631,0.15622628826294796,0.12727272727272726,genre_only,after
20000,2,0.2,0.3,448,410,0.23650405817715706,0.21875,genre_only,after
20000,3,0.3,0.4,122,113,0.341349765710471,0.4672131147540984,genre_only,after
20000,4,0.4,0.5,59,57,0.44312520916855047,0.4745762711864407,genre_only,after
20000,5,0.5,0.6,41,39,0.5407013148515628,0.5853658536585366,genre_only,after
20000,6,0.6,0.7,28,26,0.6532700348899095,0.75,genre_only,after
20000,7,0.7,0.8,31,31,0.7374947023921057,0.7741935483870968,genre_only,after
20000,8,0.8,0.9,14,12,0.8463210910818548,0.8571428571428571,genre_only,after
20000,9,0.9,1.0,14,12,0.9402812393306135,1.0,genre_only,after
100000,0,0.0,0.1,1324,1133,0.03663431936111569,0.03323262839879154,genre_only,after
100000,1,0.1,0.2,147,134,0.1394396091861396,0.17687074829931973,genre_only,after
100000,2,0.2,0.3,65,60,0.24239010680490752,0.2153846153846154,genre_only,after
100000,3,0.3,0.4,22,22,0.35043830161215095,0.2727272727272727,genre_only,after
100000,4,0.4,0.5,20,20,0.45358383897791593,0.55,genre_only,after
100000,5,0.5,0.6,17,15,0.55545360962272,0.29411764705882354,genre_only,after
100000,6,0.6,0.7,7,7,0.663194174905269,0.5714285714285714,genre_only,after
100000,7,0.7,0.8,10,10,0.7468304695605944,0.9,genre_only,after
100000,8,0.8,0.9,5,5,0.8440141473176581,0.8,genre_only,after
100000,9,0.9,1.0,0,0,,,genre_only,after
500000,0,0.0,0.1,1537,1299,0.008767810357660324,0.006506180871828237,genre_only,after
500000,1,0.1,0.2,36,35,0.1294840267223546,0.05555555555555555,genre_only,after
500000,2,0.2,0.3,15,14,0.23265013439078341,0.06666666666666667,genre_only,after
500000,3,0.3,0.4,13,13,0.3479676970872738,0.23076923076923078,genre_only,after
500000,4,0.4,0.5,8,8,0.4528757798232963,0.375,genre_only,after
500000,5,0.5,0.6,6,6,0.5538551483372003,0.5,genre_only,after
500000,6,0.6,0.7,2,2,0.607745123407462,0.5,genre_only,after
500000,7,0.7,0.8,0,0,,,genre_only,after
500000,8,0.8,0.9,0,0,,,genre_only,after
500000,9,0.9,1.0,0,0,,,genre_only,after
20000,0,0.0,0.1,497,447,0.05466850762536671,0.06639839034205232,logistic_additive,before
20000,1,0.1,0.2,429,387,0.14710059303404724,0.18181818181818182,logistic_additive,before
20000,2,0.2,0.3,232,212,0.24487652966122825,0.27586206896551724,logistic_additive,before
20000,3,0.3,0.4,163,155,0.34208494971812503,0.2822085889570552,logistic_additive,before
20000,4,0.4,0.5,113,105,0.45146486208052594,0.3893805309734513,logistic_additive,before
20000,5,0.5,0.6,74,66,0.5468877553508051,0.4189189189189189,logistic_additive,before
20000,6,0.6,0.7,40,38,0.6416406306704686,0.575,logistic_additive,before
20000,7,0.7,0.8,27,27,0.7524776790213856,0.6296296296296297,logistic_additive,before
20000,8,0.8,0.9,23,21,0.8445478877828619,0.782608695652174,logistic_additive,before
20000,9,0.9,1.0,19,18,0.9449432297756635,0.9473684210526315,logistic_additive,before
100000,0,0.0,0.1,1269,1089,0.02787214796818085,0.037825059101654845,logistic_additive,before
100000,1,0.1,0.2,195,173,0.14386349410452276,0.1076923076923077,logistic_additive,before
100000,2,0.2,0.3,64,59,0.24163587898448777,0.125,logistic_additive,before
100000,3,0.3,0.4,39,39,0.3379790867904285,0.41025641025641024,logistic_additive,before
100000,4,0.4,0.5,12,12,0.4422162884790375,0.4166666666666667,logistic_additive,before
100000,5,0.5,0.6,14,12,0.5334633191078261,0.6428571428571429,logistic_additive,before
100000,6,0.6,0.7,11,11,0.6493638946741646,0.6363636363636364,logistic_additive,before
100000,7,0.7,0.8,5,4,0.7445751867650598,0.4,logistic_additive,before
100000,8,0.8,0.9,3,3,0.8675632899321807,0.6666666666666666,logistic_additive,before
100000,9,0.9,1.0,5,4,0.9570457720502372,1.0,logistic_additive,before
500000,0,0.0,0.1,1548,1300,0.004938344619316542,0.00516795865633075,logistic_additive,before
500000,1,0.1,0.2,37,37,0.13458287351406936,0.13513513513513514,logistic_additive,before
500000,2,0.2,0.3,12,12,0.24303462374662818,0.16666666666666666,logistic_additive,before
500000,3,0.3,0.4,10,10,0.34169768609184603,0.2,logistic_additive,before
500000,4,0.4,0.5,2,2,0.4566261239746447,0.0,logistic_additive,before
500000,5,0.5,0.6,1,1,0.5410361362264343,0.0,logistic_additive,before
500000,6,0.6,0.7,1,1,0.6170658794819355,1.0,logistic_additive,before
500000,7,0.7,0.8,2,2,0.7426880989736017,1.0,logistic_additive,before
500000,8,0.8,0.9,4,3,0.8197476805928643,0.75,logistic_additive,before
500000,9,0.9,1.0,0,0,,,logistic_additive,before
20000,0,0.0,0.1,13,13,0.08799358006607715,0.07692307692307693,logistic_additive,after
20000,1,0.1,0.2,833,729,0.16737714663731654,0.11884753901560624,logistic_additive,after
20000,2,0.2,0.3,516,458,0.2368592442798583,0.24031007751937986,logistic_additive,after
20000,3,0.3,0.4,134,123,0.3423630175778211,0.47761194029850745,logistic_additive,after
20000,4,0.4,0.5,50,48,0.44218142626849855,0.68,logistic_additive,after
20000,5,0.5,0.6,26,26,0.554009360109081,0.6538461538461539,logistic_additive,after
20000,6,0.6,0.7,16,16,0.6410582158631202,0.5,logistic_additive,after
20000,7,0.7,0.8,12,12,0.7522098671532919,0.8333333333333334,logistic_additive,after
20000,8,0.8,0.9,13,12,0.8526698310314328,0.8461538461538461,logistic_additive,after
20000,9,0.9,1.0,4,3,0.976148051587401,1.0,logistic_additive,after
100000,0,0.0,0.1,1349,1148,0.05181822339877144,0.0385470719051149,logistic_additive,after
100000,1,0.1,0.2,189,173,0.13177533242628692,0.18518518518518517,logistic_additive,after
100000,2,0.2,0.3,36,35,0.2507291716018,0.3055555555555556,logistic_additive,after
100000,3,0.3,0.4,14,14,0.33497628752129743,0.21428571428571427,logistic_additive,after
100000,4,0.4,0.5,13,12,0.4340658736361702,0.6153846153846154,logistic_additive,after
100000,5,0.5,0.6,8,8,0.5365552511137057,0.75,logistic_additive,after
100000,6,0.6,0.7,4,4,0.6191209539898411,1.0,logistic_additive,after
100000,7,0.7,0.8,4,3,0.7510213632434382,1.0,logistic_additive,after
100000,8,0.8,0.9,0,0,,,logistic_additive,after
100000,9,0.9,1.0,0,0,,,logistic_additive,after
500000,0,0.0,0.1,1527,1286,0.008908427979123404,0.0045841519318926,logistic_additive,after
500000,1,0.1,0.2,47,45,0.15046605914306907,0.0851063829787234,logistic_additive,after
500000,2,0.2,0.3,17,17,0.24539628441223477,0.17647058823529413,logistic_additive,after
500000,3,0.3,0.4,12,11,0.35064951380693676,0.16666666666666666,logistic_additive,after
500000,4,0.4,0.5,6,6,0.4332128213469224,0.16666666666666666,logistic_additive,after
500000,5,0.5,0.6,3,3,0.5317899694162108,0.6666666666666666,logistic_additive,after
500000,6,0.6,0.7,5,4,0.6447228178354146,0.8,logistic_additive,after
500000,7,0.7,0.8,0,0,,,logistic_additive,after
500000,8,0.8,0.9,0,0,,,logistic_additive,after
500000,9,0.9,1.0,0,0,,,logistic_additive,after
20000,0,0.0,0.1,386,352,0.056135671251476574,0.054404145077720206,hgb_additive,before
20000,1,0.1,0.2,493,445,0.14570184763037455,0.13793103448275862,hgb_additive,before
20000,2,0.2,0.3,331,299,0.24339735948719954,0.2326283987915408,hgb_additive,before
20000,3,0.3,0.4,148,138,0.3446881424185916,0.30405405405405406,hgb_additive,before
20000,4,0.4,0.5,97,92,0.4484997167289957,0.5154639175257731,hgb_additive,before
20000,5,0.5,0.6,45,43,0.5414837722615642,0.5333333333333333,hgb_additive,before
20000,6,0.6,0.7,41,41,0.6456129283653629,0.6097560975609756,hgb_additive,before
20000,7,0.7,0.8,38,37,0.7489283812329232,0.7105263157894737,hgb_additive,before
20000,8,0.8,0.9,17,16,0.8598869595777621,0.8235294117647058,hgb_additive,before
20000,9,0.9,1.0,21,18,0.9399701443311876,1.0,hgb_additive,before
100000,0,0.0,0.1,1298,1116,0.03363288455525515,0.030816640986132512,hgb_additive,before
100000,1,0.1,0.2,161,149,0.1413335591437417,0.12422360248447205,hgb_additive,before
100000,2,0.2,0.3,72,68,0.24666361134043624,0.2638888888888889,hgb_additive,before
100000,3,0.3,0.4,39,38,0.3458913431681141,0.3333333333333333,hgb_additive,before
100000,4,0.4,0.5,17,16,0.44597647439860494,0.47058823529411764,hgb_additive,before
100000,5,0.5,0.6,11,11,0.5445800953619879,0.7272727272727273,hgb_additive,before
100000,6,0.6,0.7,9,8,0.67039495479455,0.6666666666666666,hgb_additive,before
100000,7,0.7,0.8,7,7,0.7395038904961846,0.8571428571428571,hgb_additive,before
100000,8,0.8,0.9,2,2,0.8640490405455411,1.0,hgb_additive,before
100000,9,0.9,1.0,1,1,0.9058098130508812,1.0,hgb_additive,before
500000,0,0.0,0.1,1553,1307,0.008234916115452202,0.00643915003219575,hgb_additive,before
500000,1,0.1,0.2,44,42,0.13958338950657165,0.13636363636363635,hgb_additive,before
500000,2,0.2,0.3,9,8,0.24371058651635627,0.2222222222222222,hgb_additive,before
500000,3,0.3,0.4,6,5,0.3655419116762795,0.5,hgb_additive,before
500000,4,0.4,0.5,3,3,0.44744719407332,0.3333333333333333,hgb_additive,before
500000,5,0.5,0.6,1,1,0.5934024876274705,0.0,hgb_additive,before
500000,6,0.6,0.7,0,0,,,hgb_additive,before
500000,7,0.7,0.8,1,1,0.7055551507613753,1.0,hgb_additive,before
500000,8,0.8,0.9,0,0,,,hgb_additive,before
500000,9,0.9,1.0,0,0,,,hgb_additive,before
20000,0,0.0,0.1,289,270,0.06382836303510042,0.03460207612456748,hgb_additive,after
20000,1,0.1,0.2,622,547,0.15230337298031868,0.13344051446945338,hgb_additive,after
20000,2,0.2,0.3,366,332,0.24401342989100633,0.24316939890710382,hgb_additive,after
20000,3,0.3,0.4,144,133,0.3428351008609487,0.4097222222222222,hgb_additive,after
20000,4,0.4,0.5,67,63,0.43765845990719066,0.5373134328358209,hgb_additive,after
20000,5,0.5,0.6,43,41,0.5543700693237573,0.627906976744186,hgb_additive,after
20000,6,0.6,0.7,28,28,0.6550276628341498,0.6428571428571429,hgb_additive,after
20000,7,0.7,0.8,22,21,0.7388266785791825,0.6818181818181818,hgb_additive,after
20000,8,0.8,0.9,15,14,0.8518507849884471,0.9333333333333333,hgb_additive,after
20000,9,0.9,1.0,21,18,0.9469750339315707,1.0,hgb_additive,after
100000,0,0.0,0.1,1323,1131,0.03475883606899196,0.030990173847316706,hgb_additive,after
100000,1,0.1,0.2,150,139,0.1390611456601647,0.14666666666666667,hgb_additive,after
100000,2,0.2,0.3,64,60,0.24760653730131124,0.265625,hgb_additive,after
100000,3,0.3,0.4,32,32,0.3437249991587339,0.3125,hgb_additive,after
100000,4,0.4,0.5,20,19,0.43469709503375925,0.6,hgb_additive,after
100000,5,0.5,0.6,8,8,0.5564219598296639,0.625,hgb_additive,after
100000,6,0.6,0.7,9,8,0.6595847828210926,0.5555555555555556,hgb_additive,after
100000,7,0.7,0.8,8,8,0.7482167137813096,1.0,hgb_additive,after
100000,8,0.8,0.9,3,3,0.8340442227748976,1.0,hgb_additive,after
100000,9,0.9,1.0,0,0,,,hgb_additive,after
500000,0,0.0,0.1,1533,1291,0.008442453271084496,0.003913894324853229,hgb_additive,after
500000,1,0.1,0.2,47,45,0.14400506399426527,0.10638297872340426,hgb_additive,after
500000,2,0.2,0.3,19,17,0.23170756891170882,0.2631578947368421,hgb_additive,after
500000,3,0.3,0.4,12,10,0.3513141555607991,0.3333333333333333,hgb_additive,after
500000,4,0.4,0.5,4,4,0.45030632416812755,0.5,hgb_additive,after
500000,5,0.5,0.6,2,2,0.5279064893365027,0.5,hgb_additive,after
500000,6,0.6,0.7,0,0,,,hgb_additive,after
500000,7,0.7,0.8,0,0,,,hgb_additive,after
500000,8,0.8,0.9,0,0,,,hgb_additive,after
500000,9,0.9,1.0,0,0,,,hgb_additive,after
20000,0,0.0,0.1,567,514,0.051426581228229566,0.07054673721340388,hgb_interactions,before
20000,1,0.1,0.2,427,383,0.14269450333253333,0.1405152224824356,hgb_interactions,before
20000,2,0.2,0.3,204,191,0.24424597038914977,0.27450980392156865,hgb_interactions,before
20000,3,0.3,0.4,128,114,0.3480201266202686,0.390625,hgb_interactions,before
20000,4,0.4,0.5,81,79,0.442257586974549,0.41975308641975306,hgb_interactions,before
20000,5,0.5,0.6,58,57,0.5459330351584887,0.41379310344827586,hgb_interactions,before
20000,6,0.6,0.7,41,40,0.6488778733849023,0.6341463414634146,hgb_interactions,before
20000,7,0.7,0.8,45,44,0.7569989684894136,0.6222222222222222,hgb_interactions,before
20000,8,0.8,0.9,35,35,0.8507068861829257,0.7428571428571429,hgb_interactions,before
20000,9,0.9,1.0,31,26,0.942903952853834,0.9032258064516129,hgb_interactions,before
100000,0,0.0,0.1,1328,1138,0.025123660961981847,0.02635542168674699,hgb_interactions,before
100000,1,0.1,0.2,128,115,0.1408226066891051,0.1796875,hgb_interactions,before
100000,2,0.2,0.3,66,63,0.24288921033516006,0.21212121212121213,hgb_interactions,before
100000,3,0.3,0.4,31,30,0.3424112684319469,0.4838709677419355,hgb_interactions,before
100000,4,0.4,0.5,21,21,0.4508923772088337,0.3333333333333333,hgb_interactions,before
100000,5,0.5,0.6,12,12,0.5538372453957457,0.5833333333333334,hgb_interactions,before
100000,6,0.6,0.7,14,12,0.6540527639673209,0.6428571428571429,hgb_interactions,before
100000,7,0.7,0.8,8,8,0.757613304949092,0.75,hgb_interactions,before
100000,8,0.8,0.9,6,6,0.8573318333165166,0.6666666666666666,hgb_interactions,before
100000,9,0.9,1.0,3,3,0.9502416134496122,1.0,hgb_interactions,before
500000,0,0.0,0.1,1563,1318,0.004738325017939089,0.006397952655150352,hgb_interactions,before
500000,1,0.1,0.2,23,21,0.14334074410213496,0.043478260869565216,hgb_interactions,before
500000,2,0.2,0.3,14,14,0.22574241239562767,0.42857142857142855,hgb_interactions,before
500000,3,0.3,0.4,5,5,0.3303083319806204,0.4,hgb_interactions,before
500000,4,0.4,0.5,3,3,0.4356297666364999,0.3333333333333333,hgb_interactions,before
500000,5,0.5,0.6,3,3,0.5392248520159771,0.0,hgb_interactions,before
500000,6,0.6,0.7,0,0,,,hgb_interactions,before
500000,7,0.7,0.8,3,2,0.7446764266721507,0.6666666666666666,hgb_interactions,before
500000,8,0.8,0.9,3,3,0.8424264571910375,0.3333333333333333,hgb_interactions,before
500000,9,0.9,1.0,0,0,,,hgb_interactions,before
20000,0,0.0,0.1,251,234,0.06246520790569729,0.043824701195219126,hgb_interactions,after
20000,1,0.1,0.2,664,583,0.15229704679091172,0.11746987951807229,hgb_interactions,after
20000,2,0.2,0.3,338,304,0.24254250370086894,0.26627218934911245,hgb_interactions,after
20000,3,0.3,0.4,151,142,0.34088745107735074,0.39072847682119205,hgb_interactions,after
20000,4,0.4,0.5,71,70,0.44676636018863924,0.4788732394366197,hgb_interactions,after
20000,5,0.5,0.6,38,37,0.5511647406034859,0.6052631578947368,hgb_interactions,after
20000,6,0.6,0.7,24,23,0.6520929787514216,0.4583333333333333,hgb_interactions,after
20000,7,0.7,0.8,33,33,0.7448220638568891,0.7272727272727273,hgb_interactions,after
20000,8,0.8,0.9,26,26,0.8505685618570394,0.8846153846153846,hgb_interactions,after
20000,9,0.9,1.0,21,17,0.938589579223794,0.9047619047619048,hgb_interactions,after
100000,0,0.0,0.1,1317,1126,0.03516005844812965,0.025816249050873197,hgb_interactions,after
100000,1,0.1,0.2,145,133,0.13491607598429636,0.1724137931034483,hgb_interactions,after
100000,2,0.2,0.3,63,61,0.23839662220686422,0.20634920634920634,hgb_interactions,after
100000,3,0.3,0.4,36,34,0.34698176091385996,0.4722222222222222,hgb_interactions,after
100000,4,0.4,0.5,15,14,0.46567142755951496,0.3333333333333333,hgb_interactions,after
100000,5,0.5,0.6,17,15,0.5586460631705161,0.5294117647058824,hgb_interactions,after
100000,6,0.6,0.7,7,7,0.6463750573983035,0.8571428571428571,hgb_interactions,after
100000,7,0.7,0.8,12,12,0.7370102030157004,0.75,hgb_interactions,after
100000,8,0.8,0.9,4,4,0.8535277507496086,1.0,hgb_interactions,after
100000,9,0.9,1.0,1,1,0.9125907781776975,1.0,hgb_interactions,after
500000,0,0.0,0.1,1535,1295,0.007316510602986497,0.005211726384364821,hgb_interactions,after
500000,1,0.1,0.2,34,34,0.13114675910658502,0.058823529411764705,hgb_interactions,after
500000,2,0.2,0.3,21,19,0.23982549220853458,0.14285714285714285,hgb_interactions,after
500000,3,0.3,0.4,13,12,0.34342095361480074,0.3076923076923077,hgb_interactions,after
500000,4,0.4,0.5,5,5,0.4343704236933861,0.6,hgb_interactions,after
500000,5,0.5,0.6,4,4,0.5318579238570226,0.0,hgb_interactions,after
500000,6,0.6,0.7,4,3,0.6376531351463618,0.5,hgb_interactions,after
500000,7,0.7,0.8,1,1,0.7145577719729759,1.0,hgb_interactions,after
500000,8,0.8,0.9,0,0,,,hgb_interactions,after
500000,9,0.9,1.0,0,0,,,hgb_interactions,after
