level_id,seed,size,requested_obstacle_density,actual_obstacle_density,open_cell_ratio,wall_count,has_path,shortest_path_length,shortest_path_norm,manhattan_distance,directness,accessible_area_ratio,dead_end_ratio,branch_cell_ratio,mean_degree,start_degree,goal_degree,max_steps,agent
lvl_565591947963,1,8,0.08,0.0625,0.9375,4,1,14,0.21875,14,1.0,1.0,0.0,0.8833333333333333,3.2666666666666666,2,2,30,random
lvl_565591947963,1,8,0.08,0.0625,0.9375,4,1,14,0.21875,14,1.0,1.0,0.0,0.8833333333333333,3.2666666666666666,2,2,30,greedy
lvl_565591947963,1,8,0.08,0.0625,0.9375,4,1,14,0.21875,14,1.0,1.0,0.0,0.8833333333333333,3.2666666666666666,2,2,30,astar
lvl_565591947963,1,8,0.08,0.0625,0.9375,4,1,14,0.21875,14,1.0,1.0,0.0,0.8833333333333333,3.2666666666666666,2,2,30,q_learning
lvl_307799107670,1,8,0.16,0.15625,0.84375,10,1,14,0.21875,14,1.0,1.0,0.0555555555555555,0.7592592592592593,2.962962962962963,2,2,30,random
lvl_307799107670,1,8,0.16,0.15625,0.84375,10,1,14,0.21875,14,1.0,1.0,0.0555555555555555,0.7592592592592593,2.962962962962963,2,2,30,greedy
lvl_307799107670,1,8,0.16,0.15625,0.84375,10,1,14,0.21875,14,1.0,1.0,0.0555555555555555,0.7592592592592593,2.962962962962963,2,2,30,astar
lvl_307799107670,1,8,0.16,0.15625,0.84375,10,1,14,0.21875,14,1.0,1.0,0.0555555555555555,0.7592592592592593,2.962962962962963,2,2,30,q_learning
lvl_405924291145,1,8,0.24,0.3125,0.6875,20,0,65,1.015625,14,0.0,0.0227272727272727,0.2954545454545454,0.3863636363636363,2.136363636363636,0,2,30,random
lvl_405924291145,1,8,0.24,0.3125,0.6875,20,0,65,1.015625,14,0.0,0.0227272727272727,0.2954545454545454,0.3863636363636363,2.136363636363636,0,2,30,greedy
lvl_405924291145,1,8,0.24,0.3125,0.6875,20,0,65,1.015625,14,0.0,0.0227272727272727,0.2954545454545454,0.3863636363636363,2.136363636363636,0,2,30,astar
lvl_405924291145,1,8,0.24,0.3125,0.6875,20,0,65,1.015625,14,0.0,0.0227272727272727,0.2954545454545454,0.3863636363636363,2.136363636363636,0,2,30,q_learning
lvl_308456717427,1,8,0.32,0.265625,0.734375,17,0,65,1.015625,14,0.0,0.7446808510638298,0.2127659574468085,0.5531914893617021,2.425531914893617,1,2,30,random
lvl_308456717427,1,8,0.32,0.265625,0.734375,17,0,65,1.015625,14,0.0,0.7446808510638298,0.2127659574468085,0.5531914893617021,2.425531914893617,1,2,30,greedy
lvl_308456717427,1,8,0.32,0.265625,0.734375,17,0,65,1.015625,14,0.0,0.7446808510638298,0.2127659574468085,0.5531914893617021,2.425531914893617,1,2,30,astar
lvl_308456717427,1,8,0.32,0.265625,0.734375,17,0,65,1.015625,14,0.0,0.7446808510638298,0.2127659574468085,0.5531914893617021,2.425531914893617,1,2,30,q_learning
lvl_406585403430,1,8,0.4,0.359375,0.640625,23,0,65,1.015625,14,0.0,0.024390243902439,0.2682926829268293,0.3902439024390244,2.2439024390243905,0,1,30,random
lvl_406585403430,1,8,0.4,0.359375,0.640625,23,0,65,1.015625,14,0.0,0.024390243902439,0.2682926829268293,0.3902439024390244,2.2439024390243905,0,1,30,greedy
lvl_406585403430,1,8,0.4,0.359375,0.640625,23,0,65,1.015625,14,0.0,0.024390243902439,0.2682926829268293,0.3902439024390244,2.2439024390243905,0,1,30,astar
lvl_406585403430,1,8,0.4,0.359375,0.640625,23,0,65,1.015625,14,0.0,0.024390243902439,0.2682926829268293,0.3902439024390244,2.2439024390243905,0,1,30,q_learning
lvl_449478565062,1,8,0.48,0.5,0.5,32,0,65,1.015625,14,0.0,0.09375,0.5,0.125,1.5,2,0,30,random
lvl_449478565062,1,8,0.48,0.5,0.5,32,0,65,1.015625,14,0.0,0.09375,0.5,0.125,1.5,2,0,30,greedy
lvl_449478565062,1,8,0.48,0.5,0.5,32,0,65,1.015625,14,0.0,0.09375,0.5,0.125,1.5,2,0,30,astar
lvl_449478565062,1,8,0.48,0.5,0.5,32,0,65,1.015625,14,0.0,0.09375,0.5,0.125,1.5,2,0,30,q_learning
lvl_727784718904,1,10,0.08,0.05,0.95,5,1,18,0.18,18,1.0,1.0,0.0,0.9157894736842104,3.473684210526316,2,2,38,random
