mechanic,change,support_status,support_reasons,delta_pp,model_min_delta_pp,model_max_delta_pp,agreement,full_models
crafting,remove,supported,,-1.4038494487873643,-1.4038494487873643,1.5830463696761026,mixed,3
base_building,add,supported,,3.638210041108753,-13.895898631733857,6.409520097100993,mixed,3
survival,add,supported,,7.0073132032702405,5.515651773123606,7.0073132032702405,all_positive,3
procedural_generation,add,supported,,3.638210041108753,0.25775299787177686,7.235275804361699,all_positive,3
permadeath,add,abstain,unsupported_combination,,,,unavailable,0
deck_building,add,abstain,unsupported_combination,,,,unavailable,0
turn_based_combat,add,supported,,3.638210041108753,2.088144772274325,6.656039122211907,all_positive,3
real_time_combat,add,supported,,3.638210041108753,3.638210041108753,9.615143830750581,all_positive,3
skill_tree,add,abstain,unsupported_combination,,,,unavailable,0
loot,add,supported,,3.638210041108753,-0.9110239633898509,6.42305199191924,mixed,3
character_customization,add,supported,,3.638210041108753,1.7129242288843134,6.80621844666088,all_positive,3
branching_story,add,supported,,4.333970605382531,1.4212618075170962,6.009716897610354,all_positive,3
puzzles,add,supported,,3.638210041108753,1.428347513144526,6.318033151370825,all_positive,3
platforming,add,supported,,-0.0755427893256222,-4.168421778280007,-0.0755427893256222,partly_neutral,3
stealth,add,supported,,11.008334423313734,4.029349712270422,27.05063425974804,all_positive,3
resource_management,add,supported,,7.129936600334111,1.2052421304058758,8.360292647047999,all_positive,3
farming,add,supported,,3.638210041108753,1.0418463959780744,3.638210041108753,all_positive,3
fishing,add,limited,,3.638210041108753,-2.760271392033406,6.409520097100993,mixed,3
taming,add,abstain,"unobserved_mechanic, unsupported_combination",,,,unavailable,0
trading,add,limited,,3.638210041108753,-4.391487421365156,6.409520097100993,mixed,3
automation,add,supported,,3.638210041108753,-3.1586424386715715,6.409520097100993,mixed,3
physics,add,supported,,6.11450713736808,1.3686527569240852,7.040294747698425,all_positive,3
parkour,add,limited,,3.638210041108753,1.2303784661104322,9.66679769560049,all_positive,3
rhythm,add,abstain,unsupported_combination,,,,unavailable,0
time_manipulation,add,abstain,unsupported_combination,,,,unavailable,0
co_op,remove,supported,,-2.7093010990647537,-3.5228933820595554,-2.539617169313646,all_negative,3
pvp,add,supported,,3.638210041108753,-2.5625260830978296,3.638210041108753,mixed,3
open_world,add,supported,,4.177430322044165,0.390035066162317,5.984467748206454,all_positive,3
user_content,add,supported,,4.544459606969794,4.544459606969794,7.956949057118859,all_positive,3
tower_defense,add,supported,,3.638210041108753,3.3784379039715344,5.8451180438232635,all_positive,3
exploration,add,supported,,9.797045887612658,2.4206894951484426,10.759028810187962,all_positive,3
dating,add,limited,,3.638210041108753,3.638210041108753,8.522929640293246,all_positive,3
quests,add,abstain,unsupported_combination,,,,unavailable,0
boss_battles,add,supported,,3.638210041108753,2.8775148880533314,6.283856684475117,all_positive,3
destruction,add,supported,,3.638210041108753,-3.625187288610679,7.587780901067107,mixed,3
vehicle_driving,add,limited,,3.638210041108753,3.638210041108753,6.5382608418652985,all_positive,3
