feature,importance
shortest_path_length,0.801855524797672
directness,0.1504276408191948
shortest_path_norm,0.00974116745236925
branch_cell_ratio,0.0057629058390105395
accessible_area_ratio,0.005634723266112834
dead_end_ratio,0.0055204754504913165
wall_count,0.005184584969179089
mean_degree,0.004135957863699872
open_cell_ratio,0.003546376050413474
actual_obstacle_density,0.0027815311978963793
goal_degree,0.001483280168868666
has_path,0.001107281544140203
start_degree,0.0010717979121015197
size,0.0006148643443260493
requested_obstacle_density,0.0006041788674862518
max_steps,0.0005263608830091469
manhattan_distance,1.348574028579859e-06
