level_id,actual_difficulty,hard_level,level_random_forest_predicted_difficulty,level_gradient_boosting_predicted_difficulty,predicted_difficulty
lvl_133015307420,0.25,0,0.2883542080026455,0.26620328984522856,0.26620328984522856
lvl_642504554186,0.5,0,0.4996875,0.4987833169556677,0.4987833169556677
lvl_440276189946,1.0,1,1.0,0.9993738572991163,0.9993738572991163
lvl_349917762450,0.5,0,0.47084090157527664,0.49623101237277556,0.49623101237277556
lvl_048771258457,1.0,1,1.0,1.0,1.0
lvl_334049504181,0.7,1,0.5617600484006732,0.5379604642139736,0.5379604642139736
lvl_853985011056,1.0,1,0.9978869047619047,0.9989626934945165,0.9989626934945165
lvl_388897498190,1.0,1,1.0,0.9993738572991163,0.9993738572991163
lvl_506630605901,0.75,1,0.6161306667869166,0.5779475277303734,0.5779475277303734
lvl_439602934515,1.0,1,0.9963975694444446,1.0,1.0
lvl_710265016145,0.25,0,0.2508792162698413,0.2473642549543957,0.2473642549543957
lvl_839090311145,1.0,1,1.0,1.0,1.0
lvl_772215299857,0.5,0,0.4760621946774289,0.5291518302198438,0.5291518302198438
lvl_251562346004,0.5,0,0.45288400748556984,0.42632169963212513,0.42632169963212513
lvl_790581439577,1.0,1,1.0,0.9994932385227456,0.9994932385227456
lvl_773509571012,0.25,0,0.6549180691993194,0.650708408781387,0.650708408781387
lvl_799501022185,1.0,1,1.0,0.9993738572991162,0.9993738572991162
lvl_518177625142,0.25,0,0.3568136442550503,0.3450021734053484,0.3450021734053484
lvl_502394515828,0.5,0,0.604429518976394,0.5370308913480175,0.5370308913480175
lvl_768429016581,0.5,0,0.36839607441169936,0.3955284782821734,0.3955284782821734
lvl_783204740550,0.5,0,0.3299582599113847,0.29856337436443453,0.29856337436443453
lvl_341283881092,1.0,1,1.0,0.9978700060690519,0.9978700060690519
lvl_757598691095,0.25,0,0.37061570952195966,0.35385554989555873,0.35385554989555873
lvl_421636810573,1.0,1,1.0,0.9993738572991161,0.9993738572991161
lvl_658180026490,1.0,1,1.0,0.999373857299116,0.999373857299116
lvl_862738253657,1.0,1,1.0,0.9993738572991163,0.9993738572991163
lvl_382455032316,1.0,1,1.0,0.9993738572991163,0.9993738572991163
lvl_969187683958,0.75,1,0.774063740079365,0.78516182024423,0.78516182024423
lvl_814234519476,1.0,1,1.0,0.9994932385227459,0.9994932385227459
lvl_360792865936,0.5,0,0.27396076182209,0.2793336213032675,0.2793336213032675
lvl_825362316886,0.25,0,0.3400981288676601,0.33385836670286134,0.33385836670286134
lvl_029250215675,1.0,1,1.0,0.9979893872926815,0.9979893872926815
lvl_696716495314,0.5,0,0.4449057030932032,0.4089429825333633,0.4089429825333633
lvl_654156951733,1.0,1,1.0,1.0,1.0
lvl_936030657309,0.25,0,0.3095644841269841,0.2864349531620731,0.2864349531620731
lvl_954343766636,0.25,0,0.31110130321067814,0.31631005587361594,0.31631005587361594
lvl_181824954683,0.3,0,0.2625320353835979,0.2869216188319853,0.2869216188319853
lvl_136338395809,1.0,1,1.0,0.9978700060690517,0.9978700060690517
lvl_693160611596,0.5,0,0.31157566175144297,0.30024018322566587,0.30024018322566587
lvl_454294391217,0.25,0,0.3232269965277776,0.3304839408466945,0.3304839408466945
lvl_939340979188,1.0,1,1.0,0.9994932385227456,0.9994932385227456
lvl_155092978913,0.5,0,0.5338349833037331,0.5044259877685051,0.5044259877685051
lvl_543996070116,0.25,0,0.45029981411817344,0.482987241196307,0.482987241196307
lvl_689159072514,1.0,1,1.0,0.9993738572991162,0.9993738572991162
lvl_306885705303,1.0,1,1.0,0.9993738572991162,0.9993738572991162
lvl_317844648626,0.5,0,0.5536200772607024,0.55517096139695,0.55517096139695
lvl_862668033613,0.5,0,0.386240934268278,0.3797948895348409,0.3797948895348409
lvl_081247689738,1.0,1,1.0,0.9993738572991163,0.9993738572991163
lvl_829188581810,1.0,1,1.0,0.9993738572991162,0.9993738572991162
lvl_737853020238,1.0,1,1.0,0.9978700060690519,0.9978700060690519
lvl_303460729582,0.3,0,0.28498820045695045,0.30138044853853013,0.30138044853853013
lvl_331607645704,0.5,0,0.5288947025197024,0.4834253500334172,0.4834253500334172
lvl_827292348683,1.0,1,1.0,0.9994932385227456,0.9994932385227456
lvl_390183983013,1.0,1,1.0,0.9930849594338798,0.9930849594338798
lvl_276726642983,1.0,1,1.0,1.0,1.0
lvl_505548588546,0.25,0,0.5339943332130831,0.5477079539043137,0.5477079539043137
lvl_335772076158,1.0,1,1.0,0.9993738572991161,0.9993738572991161
lvl_073652081734,1.0,1,1.0,1.0,1.0
lvl_634331664817,0.25,0,0.290393931878307,0.2843507910839737,0.2843507910839737
lvl_585830395382,1.0,1,1.0,0.9978700060690519,0.9978700060690519
lvl_191845726118,1.0,1,1.0,0.9979893872926816,0.9979893872926816
lvl_353118241120,0.75,1,0.5420273719336216,0.5379604642139736,0.5379604642139736
lvl_517870794332,0.5,0,0.3265857082732081,0.29856337436443453,0.29856337436443453
lvl_224140100707,0.25,0,0.30811273542718864,0.27426024673063226,0.27426024673063226
lvl_936381491586,1.0,1,1.0,0.9994932385227457,0.9994932385227457
lvl_272071085557,1.0,1,1.0,0.9994932385227459,0.9994932385227459
lvl_611162944768,0.5,0,0.46861599361967027,0.46208800917015636,0.46208800917015636
lvl_992100267748,0.25,0,0.2658948206018519,0.28751552505301026,0.28751552505301026
lvl_883128485273,1.0,1,1.0,0.9993738572991163,0.9993738572991163
lvl_668126588768,1.0,1,1.0,0.9989626934945164,0.9989626934945164
lvl_460231572586,1.0,1,1.0,0.9710012080886129,0.9710012080886129
lvl_778865204669,1.0,1,1.0,0.9994932385227459,0.9994932385227459
lvl_007946874153,1.0,1,1.0,0.9993738572991161,0.9993738572991161
lvl_491087596209,1.0,1,1.0,0.9994932385227455,0.9994932385227455
lvl_807549175517,0.45,0,0.5019359292328043,0.49198785400497824,0.49198785400497824
lvl_001564381906,1.0,1,1.0,0.9993738572991161,0.9993738572991161
lvl_446846904327,1.0,1,1.0,0.9842287596002119,0.9842287596002119
lvl_283656961096,0.5,0,0.5212795740139489,0.4700259429262442,0.4700259429262442
lvl_170060221951,1.0,1,0.9978472222222223,0.9862147934818202,0.9862147934818202
lvl_197022069444,1.0,1,1.0,0.9993738572991161,0.9993738572991161
lvl_124606699328,0.5,0,0.2543791335978836,0.2730614204450222,0.2730614204450222
lvl_995877722675,0.5,0,0.621937582671958,0.6500508004929275,0.6500508004929275
lvl_806586196194,0.25,0,0.3235717104076478,0.31570242222657935,0.31570242222657935
lvl_508345411885,0.5,0,0.5656420078763829,0.562211089303575,0.562211089303575
lvl_812699927656,0.25,0,0.35526827050264553,0.3955284782821734,0.3955284782821734
lvl_925829811166,0.71875,1,0.6693554217772966,0.5608395300088183,0.5608395300088183
lvl_655471503473,0.25,0,0.3226349356661856,0.29103533951611493,0.29103533951611493
lvl_132496803428,1.0,1,1.0,1.0,1.0
lvl_026496897643,0.25,0,0.2676405423280423,0.2649045138390988,0.2649045138390988
lvl_567858066206,1.0,1,1.0,0.9993738572991163,0.9993738572991163
lvl_597829433886,1.0,1,1.0,0.9994932385227457,0.9994932385227457
lvl_268497010777,1.0,1,1.0,0.9978700060690519,0.9978700060690519
lvl_864155556907,0.5,0,0.4105953146968772,0.37210138467340387,0.37210138467340387
lvl_553026212586,0.5,0,0.34201492604617606,0.3634802507804507,0.3634802507804507
lvl_931181858748,0.25,0,0.2506462880291005,0.26550022038716425,0.26550022038716425
lvl_420507545805,1.0,1,1.0,0.997870006069052,0.997870006069052
lvl_030473097100,0.5,0,0.353658859803391,0.3353031745180975,0.3353031745180975
lvl_315920695615,1.0,1,1.0,0.9994932385227459,0.9994932385227459
lvl_397089279038,1.0,1,1.0,0.9994932385227459,0.9994932385227459
lvl_166661561139,1.0,1,1.0,0.9994932385227455,0.9994932385227455
lvl_643909141214,0.5,0,0.37103092870671,0.38055127567748515,0.38055127567748515
lvl_115838619566,1.0,1,1.0,0.9993738572991161,0.9993738572991161
lvl_669884484177,0.5,0,0.3166504704785956,0.345973167324425,0.345973167324425
lvl_815402634175,1.0,1,1.0,0.9993738572991163,0.9993738572991163
lvl_863329880250,0.5,0,0.5080663855820107,0.496198193014747,0.496198193014747
lvl_928316800742,0.25,0,0.2635467819940476,0.2738124329579376,0.2738124329579376
lvl_386471732152,1.0,1,1.0,0.9978700060690519,0.9978700060690519
lvl_632714648420,1.0,1,1.0,0.9993738572991163,0.9993738572991163
lvl_189759353894,0.5,0,0.5029802113395863,0.513662128285476,0.513662128285476
lvl_654372982594,1.0,1,1.0,0.9936711931252029,0.9936711931252029
lvl_452486528474,0.25,0,0.337889009139009,0.3230644180341244,0.3230644180341244
lvl_233129961770,0.25,0,0.324221694249038,0.30810358949927147,0.30810358949927147
lvl_619278414527,0.25,0,0.2519527116402116,0.26374720355693604,0.26374720355693604
lvl_085494608952,0.5,0,0.4686633372414623,0.495820231016862,0.495820231016862
lvl_134485136065,1.0,1,1.0,0.9849656920112227,0.9849656920112227
lvl_043970780417,1.0,1,1.0,0.9906209175577998,0.9906209175577998
lvl_895930155271,0.25,0,0.3507140602453103,0.3241196012522242,0.3241196012522242
lvl_313138123287,0.25,0,0.2794651124338624,0.3032056038499538,0.3032056038499538
lvl_686221595099,0.5,0,0.330775538119288,0.36931294219461275,0.36931294219461275
lvl_692052488734,0.5,0,0.30276134672619054,0.28667673078964645,0.28667673078964645
lvl_106196399235,0.25,0,0.40410342261904764,0.34681302694827054,0.34681302694827054
lvl_628783080114,0.25,0,0.3398598710317459,0.35756913736393164,0.35756913736393164
lvl_533036403626,0.5,0,0.5692976866883116,0.5787563808581941,0.5787563808581941
lvl_636535512321,1.0,1,1.0,0.9989626934945165,0.9989626934945165
lvl_695024478457,1.0,1,1.0,0.9993738572991163,0.9993738572991163
lvl_918504576316,0.25,0,0.28834461617664736,0.2848836147233067,0.2848836147233067
lvl_753890650655,0.75,1,0.571237648925149,0.5151356262510493,0.5151356262510493
lvl_281582099104,1.0,1,1.0,0.999373857299116,0.999373857299116
lvl_802111977704,1.0,1,1.0,0.9993738572991163,0.9993738572991163
lvl_681483562418,1.0,1,0.9906411210317461,0.9891170663277356,0.9891170663277356
lvl_360802577864,0.25,0,0.3524221611721611,0.45247133435113446,0.45247133435113446
lvl_736831715855,0.65,1,0.48533530242905215,0.4769550824391253,0.4769550824391253
lvl_989544869255,1.0,1,0.9991319444444445,1.0,1.0
lvl_956952281328,1.0,1,1.0,0.9993738572991163,0.9993738572991163
lvl_511305714772,0.25,0,0.2712812396660053,0.2886746356622135,0.2886746356622135
lvl_646034142673,1.0,1,1.0,0.997870006069052,0.997870006069052
lvl_384973515598,1.0,1,1.0,0.9993565541527248,0.9993565541527248
lvl_055822733672,1.0,1,1.0,0.9994932385227459,0.9994932385227459
lvl_971341919480,1.0,1,1.0,0.9993738572991163,0.9993738572991163
lvl_697757074440,0.5,0,0.284849537037037,0.2993875770547808,0.2993875770547808
lvl_960428550171,1.0,1,1.0,0.9978700060690521,0.9978700060690521
lvl_196542256365,1.0,1,1.0,0.9994932385227459,0.9994932385227459
lvl_117360950410,0.5,0,0.4704997600778851,0.4822973759030108,0.4822973759030108
lvl_761443961139,1.0,1,0.995420386904762,0.999082074718146,0.999082074718146
lvl_383858836745,0.25,0,0.2857647672784392,0.2710163582218416,0.2710163582218416
lvl_594809837319,0.25,0,0.4480311297498797,0.3601510833862349,0.3601510833862349
lvl_093922118166,0.75,1,0.5181687271062272,0.5489786571663067,0.5489786571663067
lvl_386618153286,1.0,1,1.0,0.9993738572991162,0.9993738572991162
lvl_624257679509,0.5,0,0.5557691396634411,0.5503443325338084,0.5503443325338084
lvl_819035496851,0.25,0,0.378517316017316,0.3261094675300149,0.3261094675300149
lvl_805054335079,1.0,1,1.0,0.9994932385227462,0.9994932385227462
lvl_368152985502,0.25,0,0.35282087053571404,0.31113954596991217,0.31113954596991217
lvl_555367217550,1.0,1,1.0,0.9993738572991161,0.9993738572991161
lvl_187168201083,0.5,0,0.280859375,0.2802886574836485,0.2802886574836485
lvl_761431531117,0.5,0,0.42945950577200587,0.4701299841718916,0.4701299841718916
lvl_953784580618,0.5,0,0.40719221605940364,0.35664270424468913,0.35664270424468913
lvl_711296331705,0.25,0,0.29323916383096055,0.27114610684132595,0.27114610684132595
lvl_880684458992,1.0,1,1.0,1.0,1.0
lvl_410336713476,0.25,0,0.34876476821789304,0.37123180109923803,0.37123180109923803
lvl_274661990275,1.0,1,1.0,0.9993738572991162,0.9993738572991162
lvl_298130997530,0.25,0,0.4765999466390089,0.40716457089535407,0.40716457089535407
lvl_608531507378,1.0,1,1.0,1.0,1.0
lvl_067663536151,1.0,1,1.0,0.9950897798828531,0.9950897798828531
lvl_843095308907,0.5,0,0.28446294229497365,0.28681240735415126,0.28681240735415126
lvl_286624199781,0.25,0,0.3118393759018759,0.31117704079836545,0.31117704079836545
lvl_017071525368,0.5,0,0.5,0.4976824593249243,0.4976824593249243
lvl_713098073953,0.5,0,0.35160297168109683,0.4412790069223909,0.4412790069223909
lvl_600060332212,0.5,0,0.41464327050264554,0.37289192988607234,0.37289192988607234
lvl_511171726564,0.25,0,0.2810967750420875,0.27751152575778515,0.27751152575778515
lvl_479107088304,1.0,1,1.0,0.9978700060690519,0.9978700060690519
lvl_102026548112,1.0,1,1.0,0.997870006069052,0.997870006069052
lvl_029184562110,1.0,1,0.9978472222222223,0.9919227843346867,0.9919227843346867
lvl_529770851666,1.0,1,1.0,1.0,1.0
lvl_126254169722,0.25,0,0.30758236569564695,0.3185841843180774,0.3185841843180774
lvl_154417954416,1.0,1,1.0,0.9979893872926814,0.9979893872926814
lvl_899140825302,0.25,0,0.28058833498677255,0.28505939052392304,0.28505939052392304
lvl_442537809664,0.25,0,0.3463563368055556,0.382379732054533,0.382379732054533
lvl_078420585230,0.25,0,0.3730800142421238,0.28651897424518463,0.28651897424518463
lvl_276374804038,0.25,0,0.30135533158970657,0.2737927595331584,0.2737927595331584
lvl_685290984784,1.0,1,1.0,0.9993738572991162,0.9993738572991162
lvl_224611008442,0.25,0,0.31357590037277533,0.32429511127537713,0.32429511127537713
lvl_653857905420,0.25,0,0.3474969918680855,0.3071575953101012,0.3071575953101012
lvl_782882120672,0.5,0,0.4573089761078043,0.4242675474003739,0.4242675474003739
lvl_908366061839,1.0,1,1.0,0.9994932385227456,0.9994932385227456
lvl_007392878817,1.0,1,1.0,0.9994932385227459,0.9994932385227459
lvl_763852952619,1.0,1,1.0,0.9994932385227457,0.9994932385227457
lvl_402690387741,1.0,1,1.0,1.0,1.0
lvl_089209007721,1.0,1,1.0,0.994797997301883,0.994797997301883
lvl_224114096476,0.5,0,0.4979300595238095,0.4976824593249243,0.4976824593249243
lvl_107812863245,1.0,1,1.0,1.0,1.0
lvl_149956956848,0.75,1,0.5884207626863877,0.5804781793868307,0.5804781793868307
lvl_331281870764,0.5,0,0.3837540584415585,0.3681511899238867,0.3681511899238867
lvl_562263619080,0.25,0,0.4068199447398666,0.3611362291582435,0.3611362291582435
lvl_698178740944,0.25,0,0.35772858398834967,0.37698233744898274,0.37698233744898274
lvl_326963759969,0.5,0,0.3476475694444446,0.38383027235632894,0.38383027235632894
lvl_840017441373,0.25,0,0.4045352379825036,0.40616619602502,0.40616619602502
lvl_882760143420,1.0,1,1.0,0.9993738572991162,0.9993738572991162
lvl_120170262088,1.0,1,1.0,0.9979893872926816,0.9979893872926816
lvl_655197948363,1.0,1,0.9978472222222223,1.0,1.0
lvl_948642971354,0.25,0,0.2509895833333333,0.253408023492538,0.253408023492538
lvl_537787333282,0.5,0,0.3608291809463685,0.30606923313122303,0.30606923313122303
lvl_610441653970,0.5,0,0.4795982142857142,0.5103455274660246,0.5103455274660246
lvl_013367367093,1.0,1,1.0,0.9993738572991161,0.9993738572991161
lvl_017468145351,1.0,1,1.0,0.9993738572991162,0.9993738572991162
lvl_416291425581,0.25,0,0.2695978009259259,0.280877850293843,0.280877850293843
lvl_778643266031,1.0,1,1.0,0.9993738572991163,0.9993738572991163
lvl_589304831440,0.5,0,0.2664091951884921,0.29313449309438394,0.29313449309438394
lvl_341943350497,0.25,0,0.368743949915825,0.3647614471000807,0.3647614471000807
lvl_265623170297,1.0,1,1.0,0.9994932385227455,0.9994932385227455
lvl_299725422292,0.25,0,0.3100255625450938,0.3071575953101012,0.3071575953101012
lvl_169694696189,1.0,1,1.0,0.997870006069052,0.997870006069052
lvl_758075218725,1.0,1,1.0,0.9978700060690521,0.9978700060690521
lvl_520867397536,0.25,0,0.3827281746031747,0.3255853050010003,0.3255853050010003
lvl_344996641991,0.5,0,0.5840882560726309,0.5368198028549312,0.5368198028549312
lvl_896246846906,0.65,1,0.6301117545648796,0.6588506786305166,0.6588506786305166
lvl_473528167384,0.5,0,0.4830731496512747,0.5175868796086999,0.5175868796086999
lvl_891904608943,0.75,1,0.49271088113275613,0.5180453564415533,0.5180453564415533
lvl_314770538450,0.5,0,0.39267378021284266,0.3525645691692188,0.3525645691692188
lvl_608404122098,0.5,0,0.2977887459039802,0.3325789269797244,0.3325789269797244
lvl_360600852317,1.0,1,1.0,0.9993738572991163,0.9993738572991163
lvl_258746878997,0.25,0,0.30931688161375664,0.28164095774042763,0.28164095774042763
lvl_625961118693,0.5,0,0.36866125591711524,0.3776122019554054,0.3776122019554054
lvl_631773040952,0.25,0,0.29911401496362433,0.32081709906465933,0.32081709906465933
lvl_288179818130,1.0,1,1.0,0.9994932385227456,0.9994932385227456
lvl_299193904108,1.0,1,1.0,0.9993738572991162,0.9993738572991162
lvl_332433142581,1.0,1,1.0,0.9994932385227459,0.9994932385227459
lvl_981465254614,1.0,1,1.0,0.9994932385227456,0.9994932385227456
lvl_750125990487,1.0,1,1.0,0.9993738572991163,0.9993738572991163
lvl_359096304808,0.25,0,0.3079665986501923,0.290869785314439,0.290869785314439
lvl_037134433720,0.5,0,0.33323826058201067,0.37273104273132807,0.37273104273132807
lvl_898131326177,0.75,1,0.498162097162097,0.5190796614225252,0.5190796614225252
lvl_591988553674,1.0,1,1.0,0.9994932385227457,0.9994932385227457
lvl_299459569302,0.25,0,0.6102268593674847,0.6477664887737636,0.6477664887737636
lvl_067051213245,0.5,0,0.3980860933048435,0.4139333100044061,0.4139333100044061
lvl_675303587942,0.5,0,0.5,0.4976824593249243,0.4976824593249243
lvl_770788230595,0.25,0,0.3309355835137086,0.3460605580585442,0.3460605580585442
lvl_455095430368,0.25,0,0.4133295830327082,0.32205140049338393,0.32205140049338393
lvl_306225161273,0.25,0,0.3283728091931217,0.3457098357555682,0.3457098357555682
lvl_640729016449,1.0,1,1.0,0.9993738572991161,0.9993738572991161
lvl_031156440702,1.0,1,1.0,0.9979893872926816,0.9979893872926816
lvl_081084864711,0.25,0,0.5543304745023497,0.49900999092308945,0.49900999092308945
lvl_777945970044,1.0,1,1.0,0.9993738572991163,0.9993738572991163
lvl_606133351313,0.25,0,0.47218746242183746,0.3705255496464109,0.3705255496464109
lvl_855276645341,0.5,0,0.4978958333333334,0.48504681464958843,0.48504681464958843
lvl_596214352996,0.5,0,0.261356721981722,0.2810841269362546,0.2810841269362546
lvl_629459950763,0.3,0,0.43173974867724874,0.4656683419958281,0.4656683419958281
lvl_621678351339,0.5,0,0.5637918320105819,0.5513675399649317,0.5513675399649317
lvl_183214630482,0.25,0,0.32877480158730166,0.3347837412130164,0.3347837412130164
lvl_743382564370,0.25,0,0.3348868348087096,0.3828930354144473,0.3828930354144473
lvl_814550867600,1.0,1,1.0,0.9994932385227457,0.9994932385227457
lvl_949555095739,1.0,1,1.0,0.9994932385227456,0.9994932385227456
lvl_580724206366,1.0,1,1.0,0.9994759353763544,0.9994759353763544
lvl_451187182235,0.25,0,0.29860358044733054,0.33390638334189027,0.33390638334189027
lvl_830539415487,1.0,1,1.0,0.9993738572991162,0.9993738572991162
lvl_160678392050,1.0,1,1.0,0.9978700060690517,0.9978700060690517
lvl_755417008510,0.5,0,0.28040712838955023,0.2869216188319853,0.2869216188319853
lvl_108646033188,1.0,1,1.0,0.9993738572991163,0.9993738572991163
lvl_459785559350,0.25,0,0.30919963023088026,0.29966423199517783,0.29966423199517783
lvl_588649064707,0.25,0,0.37727905919312177,0.34871830029689027,0.34871830029689027
lvl_392688861379,0.25,0,0.4150721970448536,0.4523484927705256,0.4523484927705256
lvl_538628149837,1.0,1,1.0,0.9993738572991161,0.9993738572991161
lvl_247528560629,1.0,1,1.0,0.9993738572991163,0.9993738572991163
lvl_887454029755,1.0,1,1.0,0.9993738572991163,0.9993738572991163
lvl_662588068000,0.75,1,0.737142195767196,0.7825615941078324,0.7825615941078324
lvl_912556882482,0.25,0,0.41764427665794857,0.3766922880678581,0.3766922880678581
lvl_684596924907,0.5,0,0.5708335588023085,0.5572250842471086,0.5572250842471086
lvl_122035359462,0.25,0,0.2819500248015873,0.2980551334874392,0.2980551334874392
lvl_867639143600,1.0,1,1.0,0.9994932385227459,0.9994932385227459
lvl_135147924023,1.0,1,1.0,0.9849117622815442,0.9849117622815442
lvl_528362823496,0.25,0,0.6243919477513227,0.5064742229172061,0.5064742229172061
lvl_277870734074,0.25,0,0.5036821454008954,0.44854567574391047,0.44854567574391047
lvl_327688474486,0.21875,0,0.26721816378066376,0.2918100354488659,0.2918100354488659
lvl_144844479129,0.5,0,0.328582072585979,0.35641995993814946,0.35641995993814946
lvl_259182307049,1.0,1,1.0,1.0,1.0
lvl_738220316560,1.0,1,1.0,0.9993738572991161,0.9993738572991161
lvl_629424109696,1.0,1,1.0,0.999373857299116,0.999373857299116
lvl_253076949764,1.0,1,1.0,0.9993738572991161,0.9993738572991161
lvl_762842009550,1.0,1,1.0,0.997870006069052,0.997870006069052
lvl_993079153387,1.0,1,1.0,0.9993738572991163,0.9993738572991163
lvl_630568996161,1.0,1,1.0,0.9994932385227456,0.9994932385227456
lvl_045909095540,0.25,0,0.32086450441919184,0.3156829493492692,0.3156829493492692
lvl_217423792388,0.25,0,0.5680733525733525,0.5214938161772072,0.5214938161772072
lvl_145412115799,1.0,1,1.0,0.9994932385227457,0.9994932385227457
lvl_417582463550,0.25,0,0.25656136326058204,0.2622353495885087,0.2622353495885087
lvl_223928537463,1.0,1,0.996670386904762,0.9931747648481892,0.9931747648481892
lvl_310118899792,1.0,1,1.0,0.9994932385227456,0.9994932385227456
lvl_786869205839,0.25,0,0.2923420965608465,0.30371657299937804,0.30371657299937804
lvl_779433588577,0.25,0,0.2847464037698412,0.28681240735415126,0.28681240735415126
lvl_510709226703,0.45,0,0.3331771076146076,0.31072970103226427,0.31072970103226427
lvl_510775965835,0.45,0,0.6306594666907165,0.5491565287133716,0.5491565287133716
lvl_840471760421,0.25,0,0.5064620385401634,0.5471186846406982,0.5471186846406982
lvl_497362684137,0.25,0,0.34166608796296294,0.375246969036173,0.375246969036173
lvl_723962720313,1.0,1,1.0,0.9993738572991162,0.9993738572991162
lvl_283705633478,1.0,1,1.0,0.9993738572991161,0.9993738572991161
lvl_791318196828,0.25,0,0.5758819669913415,0.5630309309231194,0.5630309309231194
lvl_795531001512,1.0,1,0.9978472222222223,1.0,1.0
lvl_163330635451,1.0,1,1.0,0.9978700060690519,0.9978700060690519
lvl_891387086936,0.5,0,0.49469361772486775,0.4901544244766047,0.4901544244766047
lvl_036035846541,1.0,1,1.0,0.9977812290416002,0.9977812290416002
lvl_458007923367,1.0,1,1.0,0.9978700060690517,0.9978700060690517
lvl_849130605342,1.0,1,1.0,0.9994932385227456,0.9994932385227456
lvl_074629232333,1.0,1,1.0,0.9994932385227459,0.9994932385227459
lvl_849602803256,0.5,0,0.3729333560681216,0.3719603640307223,0.3719603640307223
lvl_462316298282,1.0,1,1.0,1.0,1.0
lvl_003056446577,0.25,0,0.25145089285714284,0.2533964876865614,0.2533964876865614
lvl_553630123930,0.75,1,0.6037755155723907,0.5655280300746172,0.5655280300746172
lvl_135232615961,0.5,0,0.5250453869047615,0.5307578508455066,0.5307578508455066
lvl_724151783423,1.0,1,0.9996527777777777,0.9400750450786729,0.9400750450786729
lvl_514993051503,0.25,0,0.43807034689847196,0.4282613640299349,0.4282613640299349
lvl_502292903426,1.0,1,1.0,1.0,1.0
lvl_685991187773,1.0,1,1.0,0.9989626934945165,0.9989626934945165
lvl_171945845211,0.5,0,0.5355676482082731,0.5624187921474603,0.5624187921474603
lvl_143394408086,0.5,0,0.32945653709716216,0.333464400810007,0.333464400810007
lvl_420307691004,0.5,0,0.5204335843554593,0.5044259877685051,0.5044259877685051
lvl_923027953728,1.0,1,1.0,0.9978700060690517,0.9978700060690517
lvl_528165795810,0.25,0,0.38891963252314826,0.36545248603236374,0.36545248603236374
lvl_633457584866,1.0,1,1.0,0.9974588422644521,0.9974588422644521
lvl_856173967208,0.25,0,0.3689763332732081,0.3032294398694831,0.3032294398694831
lvl_745211457048,1.0,1,1.0,0.9993738572991163,0.9993738572991163
lvl_791343464420,0.5,0,0.33251703230218854,0.30667828047186846,0.30667828047186846
lvl_005445285305,0.75,1,0.6307444534632035,0.5712259539339272,0.5712259539339272
lvl_693851975061,0.5,0,0.3726195737133236,0.3522699381741045,0.3522699381741045
lvl_564922894162,1.0,1,1.0,0.9993738572991163,0.9993738572991163
lvl_977273846178,0.5,0,0.4896775758963258,0.5026729709382769,0.5026729709382769
lvl_753278923599,0.21875,0,0.3649442668876261,0.3462637417100821,0.3462637417100821
lvl_055285054907,0.5,0,0.46691267586580093,0.4841784754844128,0.4841784754844128
lvl_694122872759,0.25,0,0.3971457523957524,0.5570923440131127,0.5570923440131127
lvl_631840266880,1.0,1,1.0,1.0,1.0
lvl_565591947963,0.25,0,0.25127951388888886,0.2551610403227662,0.2551610403227662
lvl_565391094508,1.0,1,1.0,0.9978700060690521,0.9978700060690521
lvl_971721875957,0.25,0,0.2614581266534392,0.26184430561961447,0.26184430561961447
lvl_115020786765,0.5,0,0.3761378385792447,0.3525645691692188,0.3525645691692188
lvl_837314767593,1.0,1,0.9978472222222223,1.0,1.0
lvl_005707266469,0.75,1,0.5172423340548341,0.5044922593320795,0.5044922593320795
lvl_312139247268,1.0,1,1.0,0.9993738572991163,0.9993738572991163
lvl_521976062403,1.0,1,1.0,0.9993738572991163,0.9993738572991163
lvl_018082759283,1.0,1,1.0,0.9993738572991161,0.9993738572991161
lvl_020784296362,0.5,0,0.32514118115680624,0.3010147255242031,0.3010147255242031
lvl_595179618760,0.5,0,0.44429715481277976,0.49556692280920844,0.49556692280920844
lvl_605903794701,0.25,0,0.3433207671957671,0.2901370402771068,0.2901370402771068
lvl_960712679337,1.0,1,1.0,0.9994932385227459,0.9994932385227459
lvl_865286060971,0.25,0,0.31789238177910045,0.32371194984451296,0.32371194984451296
lvl_367633170463,1.0,1,1.0,0.9806804555456385,0.9806804555456385
lvl_636496265355,0.5,0,0.3525216074434823,0.3694989253442527,0.3694989253442527
lvl_072356760915,0.25,0,0.3230027582371332,0.3024458242753775,0.3024458242753775
lvl_045198076896,0.75,1,0.50913345508658,0.4739366891294868,0.4739366891294868
lvl_842643504495,1.0,1,1.0,1.0,1.0
lvl_932244396629,1.0,1,1.0,0.9994932385227459,0.9994932385227459
lvl_371128105864,1.0,1,1.0,0.9994932385227455,0.9994932385227455
lvl_376539504043,1.0,1,1.0,0.9993738572991163,0.9993738572991163
lvl_271306411756,1.0,1,1.0,0.9993738572991162,0.9993738572991162
lvl_060726814599,1.0,1,0.9994791666666667,1.0,1.0
lvl_931872810265,0.75,1,0.6479143593674844,0.5606780454590421,0.5606780454590421
lvl_975232851816,0.25,0,0.270938636739418,0.260665642351467,0.260665642351467
lvl_390134348657,1.0,1,1.0,0.999373857299116,0.999373857299116
lvl_789904099584,0.5,0,0.314190816128316,0.29103533951611493,0.29103533951611493
lvl_047009694211,0.25,0,0.350876218110593,0.36601000603046585,0.36601000603046585
lvl_849626660244,0.25,0,0.29053290343915356,0.28505939052392304,0.28505939052392304
lvl_042793793251,0.25,0,0.26171843998015876,0.30343011494740535,0.30343011494740535
lvl_253237975008,0.25,0,0.3347434613997113,0.3091656095788554,0.3091656095788554
lvl_823296615517,1.0,1,1.0,0.9978700060690517,0.9978700060690517
lvl_923220947114,0.25,0,0.27631525917658734,0.29563357374983174,0.29563357374983174
lvl_005788916041,0.25,0,0.24550104373346568,0.2566234449376595,0.2566234449376595
lvl_227410834804,1.0,1,1.0,0.9993738572991161,0.9993738572991161
lvl_489371526612,1.0,1,1.0,0.9993738572991162,0.9993738572991162
lvl_770546974944,1.0,1,1.0,0.9993738572991161,0.9993738572991161
lvl_756898236735,0.5,0,0.36571565934065947,0.39022885109552463,0.39022885109552463
lvl_371690673488,0.5,0,0.3751918647035834,0.3425744266563561,0.3425744266563561
lvl_883831602893,0.45,0,0.26305038855820106,0.2869216188319853,0.2869216188319853
lvl_007618173370,1.0,1,1.0,0.9994932385227456,0.9994932385227456
lvl_834433165894,0.5,0,0.4571184172453703,0.40142407436643623,0.40142407436643623
lvl_989322451641,1.0,1,1.0,0.9993738572991163,0.9993738572991163
lvl_406585403430,1.0,1,1.0,0.9993738572991161,0.9993738572991161
lvl_984871118578,0.25,0,0.35088905849648044,0.29663943730492864,0.29663943730492864
lvl_732791932439,0.25,0,0.4069117890211639,0.4010303052294583,0.4010303052294583
lvl_909144875693,0.25,0,0.3244554461741963,0.3156979161476963,0.3156979161476963
lvl_704127114461,1.0,1,1.0,0.9993738572991161,0.9993738572991161
lvl_166100753475,1.0,1,1.0,1.0,1.0
lvl_595393231531,0.25,0,0.28735429067460316,0.31296454981026045,0.31296454981026045
lvl_008289852419,1.0,1,0.9994791666666667,1.0,1.0
lvl_536232027431,0.5,0,0.3777191323578043,0.3180497436211307,0.3180497436211307
lvl_676399131507,1.0,1,1.0,0.9994932385227456,0.9994932385227456
lvl_795842919347,0.25,0,0.36324890893250267,0.3520575209669657,0.3520575209669657
lvl_647596738690,0.25,0,0.3327648584054833,0.28917311120805267,0.28917311120805267
lvl_058094701237,1.0,1,1.0,0.9833078818956165,0.9833078818956165
lvl_727011745450,1.0,1,1.0,1.0,1.0
lvl_506146960905,0.5,0,0.4486366971425566,0.4333238260337202,0.4333238260337202
lvl_887642856595,0.5,0,0.4994232804232804,0.4901544244766047,0.4901544244766047
lvl_845572456972,1.0,1,1.0,0.9993738572991162,0.9993738572991162
lvl_838122981157,0.45,0,0.5,0.4976824593249243,0.4976824593249243
lvl_188076750384,1.0,1,1.0,0.9993738572991162,0.9993738572991162
lvl_839851406193,1.0,1,1.0,0.9845611693353289,0.9845611693353289
lvl_422542628219,1.0,1,1.0,0.9993738572991161,0.9993738572991161
lvl_484949376310,0.25,0,0.3486966765873015,0.38712226830782154,0.38712226830782154
lvl_361524909696,1.0,1,1.0,1.0,1.0
lvl_414975282187,0.75,1,0.5583381629944132,0.5277122177671603,0.5277122177671603
lvl_856106178283,1.0,1,1.0,0.9994932385227456,0.9994932385227456
lvl_879929522749,0.25,0,0.25432539682539684,0.25463550654956396,0.25463550654956396
lvl_084210541313,1.0,1,1.0,0.9993738572991163,0.9993738572991163
lvl_229252812877,0.5,0,0.5767634078884079,0.5164200369374059,0.5164200369374059
lvl_871717688207,0.25,0,0.27269412409060845,0.2743746620328921,0.2743746620328921
lvl_586397938600,0.75,1,0.43641665915103406,0.4099440738061661,0.4099440738061661
lvl_804655012814,1.0,1,1.0,0.995089779882853,0.995089779882853
lvl_380700490369,0.25,0,0.26109540343915344,0.2869216188319853,0.2869216188319853
lvl_688342781842,0.25,0,0.2685563409391534,0.2859112169708446,0.2859112169708446
