appid,name,similarity,tag_similarity,structural_similarity,review_count
1158160,Coral Island,69.82700466796588,0.762342800075624,61.99589036401454,21728
1245560,Roots of Pacha,68.5432829064883,0.6556501945949672,72.18338267503357,3893
1432860,Sun Haven,64.80459065467407,0.6567657360060586,63.73883372075745,22456
1062520,Dinkum,62.15161602424206,0.6049890234285311,64.17159941260634,24584
2408820,Luma Island,60.756387145926006,0.5791849316147267,64.22492423803563,9533
1592110,Spirit of the Island,60.13814707063268,0.5446205313894968,67.07559520935632,1742
1276660,Tinkertown,59.25110487742574,0.4634969526445125,75.01949440439455,1302
1726130,Pathless Woods,58.48252634211932,0.5382188151266937,64.17887002255814,1052
1084600,My Time at Sandrock,58.44236701763812,0.5564097551829573,61.86628996127879,26283
840010,Garden Paws,58.33465139246419,0.5337074175221708,64.40165206387731,2450
747200,Keplerth,53.5153554084915,0.4196646075286318,67.63067109870391,4027
618850,Pumpkin Days,52.829745187234955,0.4009476049805418,68.39472647401145,514
