appid,name,review_count,owners_lower,owners_upper,case,method
1963080,난중설화: The Tales of Imjin War,28,20000.0,50000.0,rpg_coop_crafting,old_train_jaccard
2465460,Fairies Praying To Heaven 2 ~ Great Devil's Return Match ~,1,0.0,20000.0,rpg_coop_crafting,old_train_jaccard
2758030,Akatsuki: Lord of the Dawn,15,20000.0,50000.0,rpg_coop_crafting,old_train_jaccard
2686630,Voyagers of Nera,0,0.0,20000.0,rpg_coop_crafting,old_train_jaccard
1013600,Rodent Warriors,12,0.0,20000.0,rpg_coop_crafting,old_train_jaccard
1097240,Crawling Of The Dead,54,0.0,20000.0,rpg_coop_crafting,old_train_jaccard
2420620,Demon Slayer Shion,221,20000.0,50000.0,rpg_coop_crafting,old_train_jaccard
1485860,Isekai: Reincarnation in a New World,9,0.0,20000.0,rpg_coop_crafting,old_train_jaccard
289060,The Emerald Tablet,20,20000.0,50000.0,rpg_coop_crafting,old_train_jaccard
3317580,Soul Oath,0,0.0,20000.0,rpg_coop_crafting,old_train_jaccard
1201000,Reincarnated As A Monster,14,0.0,20000.0,rpg_coop_crafting,old_train_jaccard
3318360,Odessa,0,0.0,20000.0,rpg_coop_crafting,old_train_jaccard
1139870,The Dark Eye : Book of Heroes,210,20000.0,50000.0,rpg_coop_crafting,new_market_structured
2566340,Gedonia 2,493,100000.0,200000.0,rpg_coop_crafting,new_market_structured
953690,Doom & Destiny Worlds,134,20000.0,50000.0,rpg_coop_crafting,new_market_structured
1234240,Last Farewell,77,0.0,20000.0,rpg_coop_crafting,new_market_structured
706020,Fade to Silence,1283,50000.0,100000.0,rpg_coop_crafting,new_market_structured
1748750,Crystarise,247,50000.0,100000.0,rpg_coop_crafting,new_market_structured
7520,Two Worlds II HD,6700,500000.0,1000000.0,rpg_coop_crafting,new_market_structured
1276660,Tinkertown,1302,50000.0,100000.0,rpg_coop_crafting,new_market_structured
1426490,LOST EPIC,1104,20000.0,50000.0,rpg_coop_crafting,new_market_structured
1963370,No One Survived,7044,200000.0,500000.0,rpg_coop_crafting,new_market_structured
670260,Solace Crafting,857,50000.0,100000.0,rpg_coop_crafting,new_market_structured
1075550,Bite the Bullet,87,0.0,20000.0,rpg_coop_crafting,new_market_structured
1139870,The Dark Eye : Book of Heroes,210,20000.0,50000.0,rpg_coop_crafting,new_market_balanced
2566340,Gedonia 2,493,100000.0,200000.0,rpg_coop_crafting,new_market_balanced
953690,Doom & Destiny Worlds,134,20000.0,50000.0,rpg_coop_crafting,new_market_balanced
1234240,Last Farewell,77,0.0,20000.0,rpg_coop_crafting,new_market_balanced
706020,Fade to Silence,1283,50000.0,100000.0,rpg_coop_crafting,new_market_balanced
1748750,Crystarise,247,50000.0,100000.0,rpg_coop_crafting,new_market_balanced
7520,Two Worlds II HD,6700,500000.0,1000000.0,rpg_coop_crafting,new_market_balanced
2993780,FANTASY LIFE i: The Girl Who Steals Time,7594,200000.0,500000.0,rpg_coop_crafting,new_market_balanced
1276660,Tinkertown,1302,50000.0,100000.0,rpg_coop_crafting,new_market_balanced
1426490,LOST EPIC,1104,20000.0,50000.0,rpg_coop_crafting,new_market_balanced
1963370,No One Survived,7044,200000.0,500000.0,rpg_coop_crafting,new_market_balanced
2211190,BYTE FYTE (MULTIPLAYER),51,0.0,20000.0,rpg_coop_crafting,new_market_balanced
105600,Terraria,1409473,20000000.0,50000000.0,rpg_coop_crafting,new_market_visible
252490,Rust,1227784,20000000.0,50000000.0,rpg_coop_crafting,new_market_visible
1245620,ELDEN RING,1056677,20000000.0,50000000.0,rpg_coop_crafting,new_market_visible
413150,Stardew Valley,886195,20000000.0,50000000.0,rpg_coop_crafting,new_market_visible
1086940,Baldur's Gate 3,760662,20000000.0,50000000.0,rpg_coop_crafting,new_market_visible
346110,ARK: Survival Evolved,730170,20000000.0,50000000.0,rpg_coop_crafting,new_market_visible
218620,PAYDAY 2,663082,20000000.0,50000000.0,rpg_coop_crafting,new_market_visible
892970,Valheim,499828,10000000.0,20000000.0,rpg_coop_crafting,new_market_visible
322330,Don't Starve Together,499061,10000000.0,20000000.0,rpg_coop_crafting,new_market_visible
239140,Dying Light,457632,10000000.0,20000000.0,rpg_coop_crafting,new_market_visible
1623730,Palworld,380709,50000000.0,100000000.0,rpg_coop_crafting,new_market_visible
108600,Project Zomboid,377063,10000000.0,20000000.0,rpg_coop_crafting,new_market_visible
3302460,Enerdusk,3,0.0,20000.0,strategy_cards,old_train_jaccard
1394130,Breach Wanderers,396,0.0,20000.0,strategy_cards,old_train_jaccard
965120,能量冲击 Energy Shock,64,0.0,20000.0,strategy_cards,old_train_jaccard
1579250,Tactical Battle Chronicles: Prelude to a War,1,0.0,20000.0,strategy_cards,old_train_jaccard
861540,Dicey Dungeons,11114,200000.0,500000.0,strategy_cards,old_train_jaccard
2100810,cheesequest,31,0.0,20000.0,strategy_cards,old_train_jaccard
793080,ばるばろっさ! ～すすめ? 赤軍少女旅団～(全年齢版),2,20000.0,50000.0,strategy_cards,old_train_jaccard
2114500,伏魔天师,26,0.0,20000.0,strategy_cards,old_train_jaccard
1461960,Baby Goat Billy,33,0.0,20000.0,strategy_cards,old_train_jaccard
2644230,Critter Crossfire,0,0.0,20000.0,strategy_cards,old_train_jaccard
1998450,Black & White,693,50000.0,100000.0,strategy_cards,old_train_jaccard
2479070,Shadows of Revenge,4,0.0,20000.0,strategy_cards,old_train_jaccard
2116780,Path to Warband,33,0.0,20000.0,strategy_cards,new_market_structured
1937110,Tetra Tactics,53,0.0,20000.0,strategy_cards,new_market_structured
1787920,万界之门,98,0.0,20000.0,strategy_cards,new_market_structured
1724390,Power Chord,172,0.0,20000.0,strategy_cards,new_market_structured
2179850,Cobalt Core,3512,100000.0,200000.0,strategy_cards,new_market_structured
1709050,Nitro Kid,484,0.0,20000.0,strategy_cards,new_market_structured
2087460,Ruff Ghanor,747,0.0,20000.0,strategy_cards,new_market_structured
1570830,Mori Carta,79,0.0,20000.0,strategy_cards,new_market_structured
2082410,Anomaly Collapse,585,20000.0,50000.0,strategy_cards,new_market_structured
1057800,Floppy Knights,375,0.0,20000.0,strategy_cards,new_market_structured
481180,System Crash,315,20000.0,50000.0,strategy_cards,new_market_structured
1383510,Dark Stone: The Lightseeker,46,0.0,20000.0,strategy_cards,new_market_structured
2116780,Path to Warband,33,0.0,20000.0,strategy_cards,new_market_balanced
1937110,Tetra Tactics,53,0.0,20000.0,strategy_cards,new_market_balanced
1787920,万界之门,98,0.0,20000.0,strategy_cards,new_market_balanced
1724390,Power Chord,172,0.0,20000.0,strategy_cards,new_market_balanced
2179850,Cobalt Core,3512,100000.0,200000.0,strategy_cards,new_market_balanced
1709050,Nitro Kid,484,0.0,20000.0,strategy_cards,new_market_balanced
2087460,Ruff Ghanor,747,0.0,20000.0,strategy_cards,new_market_balanced
1570830,Mori Carta,79,0.0,20000.0,strategy_cards,new_market_balanced
2082410,Anomaly Collapse,585,20000.0,50000.0,strategy_cards,new_market_balanced
1057800,Floppy Knights,375,0.0,20000.0,strategy_cards,new_market_balanced
481180,System Crash,315,20000.0,50000.0,strategy_cards,new_market_balanced
1383510,Dark Stone: The Lightseeker,46,0.0,20000.0,strategy_cards,new_market_balanced
1086940,Baldur's Gate 3,760662,20000000.0,50000000.0,strategy_cards,new_market_visible
435150,Divinity: Original Sin 2 - Definitive Edition,190124,5000000.0,10000000.0,strategy_cards,new_market_visible
646570,Slay the Spire,182277,5000000.0,10000000.0,strategy_cards,new_market_visible
2379780,Balatro,153566,2000000.0,5000000.0,strategy_cards,new_market_visible
262060,Darkest Dungeon®,149456,2000000.0,5000000.0,strategy_cards,new_market_visible
1092790,Inscryption,131890,2000000.0,5000000.0,strategy_cards,new_market_visible
268500,XCOM® 2,101701,5000000.0,10000000.0,strategy_cards,new_market_visible
214950,Total War: ROME II - Emperor Edition,88173,2000000.0,5000000.0,strategy_cards,new_market_visible
201270,Total War: SHOGUN 2,64276,2000000.0,5000000.0,strategy_cards,new_market_visible
200510,XCOM: Enemy Unknown,56414,2000000.0,5000000.0,strategy_cards,new_market_visible
2161700,Persona 3 Reload,42567,1000000.0,2000000.0,strategy_cards,new_market_visible
1295660,Sid Meier's Civilization VII,42248,1000000.0,2000000.0,strategy_cards,new_market_visible
3445500,Perpetuo,4,0.0,20000.0,adventure_puzzles,old_train_jaccard
2661400,Mystery Trackers: Darkwater Bay Collector's Edition,4,0.0,20000.0,adventure_puzzles,old_train_jaccard
2506450,Guayota,54,0.0,20000.0,adventure_puzzles,old_train_jaccard
1468380,The Sundew,90,0.0,20000.0,adventure_puzzles,old_train_jaccard
995270,DeMagnete VR,26,20000.0,50000.0,adventure_puzzles,old_train_jaccard
2476100,Creepy Tale: Some Other Place,494,0.0,20000.0,adventure_puzzles,old_train_jaccard
1406810,After Us,355,0.0,20000.0,adventure_puzzles,old_train_jaccard
2462810,Ligo,36,0.0,20000.0,adventure_puzzles,old_train_jaccard
3418610,火起雪中寺,66,0.0,20000.0,adventure_puzzles,old_train_jaccard
581360,FoxTail,396,20000.0,50000.0,adventure_puzzles,old_train_jaccard
1793340,Under The Warehouse,15,0.0,20000.0,adventure_puzzles,old_train_jaccard
2098090,Lost Lands: Sand Captivity Collector's Edition,51,0.0,20000.0,adventure_puzzles,old_train_jaccard
2069760,Partum Artifex,148,20000.0,50000.0,adventure_puzzles,new_market_structured
1398910,Jorel’s Brother and The Most Important Game of the Galaxy - Complete Edition,219,0.0,20000.0,adventure_puzzles,new_market_structured
1872780,Murder On Space Station 52,37,100000.0,200000.0,adventure_puzzles,new_market_structured
1108170,Plot of the Druid,123,0.0,20000.0,adventure_puzzles,new_market_structured
1532710,Lucy Dreaming,336,0.0,20000.0,adventure_puzzles,new_market_structured
1718130,SCP: Secret Files,4821,100000.0,200000.0,adventure_puzzles,new_market_structured
1786480,Like No Other: The Legend Of The Twin Books,54,20000.0,50000.0,adventure_puzzles,new_market_structured
2531300,Sylvio: Black Waters,31,0.0,20000.0,adventure_puzzles,new_market_structured
1325890,SILT,679,100000.0,200000.0,adventure_puzzles,new_market_structured
1384940,Egression,126,0.0,20000.0,adventure_puzzles,new_market_structured
1619230,The Star Named EOS,456,20000.0,50000.0,adventure_puzzles,new_market_structured
2506450,Guayota,54,0.0,20000.0,adventure_puzzles,new_market_structured
2069760,Partum Artifex,148,20000.0,50000.0,adventure_puzzles,new_market_balanced
1398910,Jorel’s Brother and The Most Important Game of the Galaxy - Complete Edition,219,0.0,20000.0,adventure_puzzles,new_market_balanced
1872780,Murder On Space Station 52,37,100000.0,200000.0,adventure_puzzles,new_market_balanced
1108170,Plot of the Druid,123,0.0,20000.0,adventure_puzzles,new_market_balanced
1532710,Lucy Dreaming,336,0.0,20000.0,adventure_puzzles,new_market_balanced
1718130,SCP: Secret Files,4821,100000.0,200000.0,adventure_puzzles,new_market_balanced
1786480,Like No Other: The Legend Of The Twin Books,54,20000.0,50000.0,adventure_puzzles,new_market_balanced
2531300,Sylvio: Black Waters,31,0.0,20000.0,adventure_puzzles,new_market_balanced
1325890,SILT,679,100000.0,200000.0,adventure_puzzles,new_market_balanced
1384940,Egression,126,0.0,20000.0,adventure_puzzles,new_market_balanced
1619230,The Star Named EOS,456,20000.0,50000.0,adventure_puzzles,new_market_balanced
2506450,Guayota,54,0.0,20000.0,adventure_puzzles,new_market_balanced
105600,Terraria,1409473,20000000.0,50000000.0,adventure_puzzles,new_market_visible
346110,ARK: Survival Evolved,730170,20000000.0,50000000.0,adventure_puzzles,new_market_visible
242760,The Forest,627791,20000000.0,50000000.0,adventure_puzzles,new_market_visible
892970,Valheim,499828,10000000.0,20000000.0,adventure_puzzles,new_market_visible
1966720,Lethal Company,487160,10000000.0,20000000.0,adventure_puzzles,new_market_visible
620,Portal 2,433510,5000000.0,10000000.0,adventure_puzzles,new_market_visible
367520,Hollow Knight,415946,5000000.0,10000000.0,adventure_puzzles,new_market_visible
1623730,Palworld,380709,50000000.0,100000000.0,adventure_puzzles,new_market_visible
251570,7 Days to Die,370046,10000000.0,20000000.0,adventure_puzzles,new_market_visible
1172620,Sea of Thieves: 2025 Edition,355238,5000000.0,10000000.0,adventure_puzzles,new_market_visible
275850,No Man's Sky,352858,5000000.0,10000000.0,adventure_puzzles,new_market_visible
990080,Hogwarts Legacy,321395,20000000.0,50000000.0,adventure_puzzles,new_market_visible
1693300,Dann Fox & The Time Machine,4,0.0,20000.0,action_platformer,old_train_jaccard
2266740,Twinkle Hunter,27,0.0,20000.0,action_platformer,old_train_jaccard
3288460,ROLLING STAR,118,0.0,20000.0,action_platformer,old_train_jaccard
1445740,Carpathian Night Starring Bela Lugosi,65,0.0,20000.0,action_platformer,old_train_jaccard
710220,DreadStar: The Quest for Revenge,43,20000.0,50000.0,action_platformer,old_train_jaccard
454520,MilitAnt,35,0.0,20000.0,action_platformer,old_train_jaccard
363440,Mega Man Legacy Collection,4813,200000.0,500000.0,action_platformer,old_train_jaccard
3661740,GAT RAT,0,0.0,20000.0,action_platformer,old_train_jaccard
2638350,Emoji Face Jump!,2,0.0,20000.0,action_platformer,old_train_jaccard
516440,Alien Rampage,62,0.0,20000.0,action_platformer,old_train_jaccard
1658210,Witty witch,1,0.0,20000.0,action_platformer,old_train_jaccard
1656820,COTTON REBOOT!,59,0.0,20000.0,action_platformer,old_train_jaccard
1867740,Like Dreamer,139,20000.0,50000.0,action_platformer,new_market_structured
1329360,Lords of Exile,156,0.0,20000.0,action_platformer,new_market_structured
1300100,Spectacular Sparky,157,0.0,20000.0,action_platformer,new_market_structured
1271380,Street Cleaner: The Video Game,56,0.0,20000.0,action_platformer,new_market_structured
384250,Super Rude Bear Resurrection,171,20000.0,50000.0,action_platformer,new_market_structured
311930,Tinertia,109,0.0,20000.0,action_platformer,new_market_structured
2728190,Rocket Knight Adventures: Re-Sparked Collection,46,0.0,20000.0,action_platformer,new_market_structured
2487350,Alex Jones: NWO Wars,1775,100000.0,200000.0,action_platformer,new_market_structured
1994440,Egglien,34,0.0,20000.0,action_platformer,new_market_structured
1550450,Cyjin: The Cyborg Ninja,39,0.0,20000.0,action_platformer,new_market_structured
1278760,TinyShot,33,0.0,20000.0,action_platformer,new_market_structured
385560,Shadow Complex Remastered,929,100000.0,200000.0,action_platformer,new_market_structured
1867740,Like Dreamer,139,20000.0,50000.0,action_platformer,new_market_balanced
1329360,Lords of Exile,156,0.0,20000.0,action_platformer,new_market_balanced
1300100,Spectacular Sparky,157,0.0,20000.0,action_platformer,new_market_balanced
1271380,Street Cleaner: The Video Game,56,0.0,20000.0,action_platformer,new_market_balanced
384250,Super Rude Bear Resurrection,171,20000.0,50000.0,action_platformer,new_market_balanced
311930,Tinertia,109,0.0,20000.0,action_platformer,new_market_balanced
2728190,Rocket Knight Adventures: Re-Sparked Collection,46,0.0,20000.0,action_platformer,new_market_balanced
2487350,Alex Jones: NWO Wars,1775,100000.0,200000.0,action_platformer,new_market_balanced
1994440,Egglien,34,0.0,20000.0,action_platformer,new_market_balanced
1550450,Cyjin: The Cyborg Ninja,39,0.0,20000.0,action_platformer,new_market_balanced
1278760,TinyShot,33,0.0,20000.0,action_platformer,new_market_balanced
2081540,Rustled Pete,62,0.0,20000.0,action_platformer,new_market_balanced
105600,Terraria,1409473,20000000.0,50000000.0,action_platformer,new_market_visible
892970,Valheim,499828,10000000.0,20000000.0,action_platformer,new_market_visible
620,Portal 2,433510,5000000.0,10000000.0,action_platformer,new_market_visible
322170,Geometry Dash,429921,5000000.0,10000000.0,action_platformer,new_market_visible
367520,Hollow Knight,415946,5000000.0,10000000.0,action_platformer,new_market_visible
203160,Tomb Raider Game of the Year,247930,5000000.0,10000000.0,action_platformer,new_market_visible
1426210,It Takes Two,218383,5000000.0,10000000.0,action_platformer,new_market_visible
268910,Cuphead,186835,5000000.0,10000000.0,action_platformer,new_market_visible
588650,Dead Cells,168464,5000000.0,10000000.0,action_platformer,new_market_visible
1172380,STAR WARS Jedi: Fallen Order™,158579,2000000.0,5000000.0,action_platformer,new_market_visible
1057090,Ori and the Will of the Wisps,136690,2000000.0,5000000.0,action_platformer,new_market_visible
238320,Outlast,125678,2000000.0,5000000.0,action_platformer,new_market_visible
3891760,MegaFactory Tycoon,0,0.0,20000.0,simulation_automation,old_train_jaccard
2275490,Kaizen: A Factory Story,0,0.0,20000.0,simulation_automation,old_train_jaccard
2978180,Desktop Cat Cafe,60,0.0,20000.0,simulation_automation,old_train_jaccard
1200900,Crypto: Against All Odds - Tower Defense,84,0.0,20000.0,simulation_automation,old_train_jaccard
2216440,Dark Desire 6,0,0.0,20000.0,simulation_automation,old_train_jaccard
2262110,【VR】Physical Exam / イタズラ身体測定,0,0.0,20000.0,simulation_automation,old_train_jaccard
2635350,United Penguin Kingdom,396,20000.0,50000.0,simulation_automation,old_train_jaccard
1769770,Everyday Life in Hospital VR,0,0.0,20000.0,simulation_automation,old_train_jaccard
3220690,Off Course ELEMENTS of SPACE,0,0.0,20000.0,simulation_automation,old_train_jaccard
3051380,Lofi aquarium,90,0.0,20000.0,simulation_automation,old_train_jaccard
1632710,VR Nudity Camping,0,0.0,20000.0,simulation_automation,old_train_jaccard
2182630,Mob Factory,435,20000.0,50000.0,simulation_automation,old_train_jaccard
962090,Common'hood,330,0.0,20000.0,simulation_automation,new_market_structured
1626530,Facteroids,82,0.0,20000.0,simulation_automation,new_market_structured
2237970,Outpath,2572,100000.0,200000.0,simulation_automation,new_market_structured
352430,Farlight Explorers,205,0.0,20000.0,simulation_automation,new_market_structured
1200900,Crypto: Against All Odds - Tower Defense,84,0.0,20000.0,simulation_automation,new_market_structured
1137320,Screeps: Arena,99,50000.0,100000.0,simulation_automation,new_market_structured
1121640,The Wandering Village,5986,200000.0,500000.0,simulation_automation,new_market_structured
1457320,Techtonica,2832,100000.0,200000.0,simulation_automation,new_market_structured
1488860,Insiders,47,0.0,20000.0,simulation_automation,new_market_structured
803050,Per Aspera,5484,200000.0,500000.0,simulation_automation,new_market_structured
2628570,Stellar Settlers: Space Base Builder,701,20000.0,50000.0,simulation_automation,new_market_structured
1106840,Hydroneer,25123,1000000.0,2000000.0,simulation_automation,new_market_structured
962090,Common'hood,330,0.0,20000.0,simulation_automation,new_market_balanced
1626530,Facteroids,82,0.0,20000.0,simulation_automation,new_market_balanced
2237970,Outpath,2572,100000.0,200000.0,simulation_automation,new_market_balanced
352430,Farlight Explorers,205,0.0,20000.0,simulation_automation,new_market_balanced
1885690,Virtual Circuit Board,273,20000.0,50000.0,simulation_automation,new_market_balanced
1200900,Crypto: Against All Odds - Tower Defense,84,0.0,20000.0,simulation_automation,new_market_balanced
1137320,Screeps: Arena,99,50000.0,100000.0,simulation_automation,new_market_balanced
1121640,The Wandering Village,5986,200000.0,500000.0,simulation_automation,new_market_balanced
1457320,Techtonica,2832,100000.0,200000.0,simulation_automation,new_market_balanced
1488860,Insiders,47,0.0,20000.0,simulation_automation,new_market_balanced
803050,Per Aspera,5484,200000.0,500000.0,simulation_automation,new_market_balanced
1730260,Retro Gadgets,457,20000.0,50000.0,simulation_automation,new_market_balanced
526870,Satisfactory,232064,10000000.0,20000000.0,simulation_automation,new_market_visible
427520,Factorio,215209,5000000.0,10000000.0,simulation_automation,new_market_visible
3164500,Schedule I,204041,10000000.0,20000000.0,simulation_automation,new_market_visible
233860,Kenshi,98135,2000000.0,5000000.0,simulation_automation,new_market_visible
1366540,Dyson Sphere Program,85088,2000000.0,5000000.0,simulation_automation,new_market_visible
466560,Northgard: Definitive Edition,64695,2000000.0,5000000.0,simulation_automation,new_market_visible
1621690,Core Keeper,54979,1000000.0,2000000.0,simulation_automation,new_market_visible
573090,Stormworks: Build and Rescue,52942,1000000.0,2000000.0,simulation_automation,new_market_visible
1062090,Timberborn,31678,1000000.0,2000000.0,simulation_automation,new_market_visible
299740,Miscreated,31608,200000.0,500000.0,simulation_automation,new_market_visible
1336490,Against the Storm,31412,500000.0,1000000.0,simulation_automation,new_market_visible
1106840,Hydroneer,25123,1000000.0,2000000.0,simulation_automation,new_market_visible
