column,dtype,missing_fraction
response_id,object,0.0
player_id,object,0.0
timestamp,object,0.0
enjoyment,float64,0.0
session_minutes,int64,0.0
episode_minutes,float64,0.0
campaign_progress,float64,0.0
level_progress,float64,0.0
subtasks_total,int64,0.0
overall_rate,float64,0.0
overall_gap_mean,float64,0.03550640279394645
job,object,0.0
mode,object,0.0
washer,object,0.0
nozzle,object,0.0
seconds_since_subtask,float64,0.017229336437718276
recent_rate_change,float64,0.0
w1_count,int64,0.0
w1_rate,float64,0.0
w1_gap_mean,float64,0.6424912689173458
w1_gap_cv,float64,0.7857974388824214
w1_progress_gain,float64,0.0
w1_coverage,float64,0.0
w5_count,int64,0.0
w5_rate,float64,0.0
w5_gap_mean,float64,0.18463329452852154
w5_gap_cv,float64,0.27159487776484287
w5_progress_gain,float64,0.0
w5_coverage,float64,0.0
w15_count,int64,0.0
w15_rate,float64,0.0
w15_gap_mean,float64,0.06065192083818394
w15_gap_cv,float64,0.09150174621653084
w15_progress_gain,float64,0.0
w15_coverage,float64,0.0
