predicted_enjoyment,interval_low,interval_high
87.6,62.9,100.0
87.6,62.9,100.0
87.6,62.9,100.0
87.6,62.9,100.0
87.6,62.9,100.0
87.6,62.9,100.0
87.6,62.9,100.0
87.6,62.9,100.0
87.6,62.9,100.0
87.6,62.9,100.0
87.6,62.9,100.0
87.6,62.9,100.0
87.6,62.9,100.0
87.6,62.9,100.0
87.6,62.9,100.0
87.6,62.9,100.0
87.6,62.9,100.0
87.6,62.9,100.0
87.6,62.9,100.0
87.6,62.9,100.0
87.6,62.9,100.0
87.6,62.9,100.0
87.6,62.9,100.0
87.6,62.9,100.0
87.6,62.9,100.0
87.6,62.9,100.0
87.6,62.9,100.0
87.6,62.9,100.0
87.6,62.9,100.0
87.6,62.9,100.0
87.6,62.9,100.0
87.6,62.9,100.0
87.6,62.9,100.0
87.6,62.9,100.0
87.6,62.9,100.0
87.6,62.9,100.0
87.6,62.9,100.0
87.6,62.9,100.0
87.6,62.9,100.0
87.6,62.9,100.0
87.6,62.9,100.0
87.6,62.9,100.0
87.6,62.9,100.0
87.6,62.9,100.0
87.6,62.9,100.0
87.6,62.9,100.0
87.6,62.9,100.0
87.6,62.9,100.0
87.6,62.9,100.0
87.6,62.9,100.0
