session_minutes,episode_minutes,campaign_progress,level_progress,subtasks_total,overall_rate,overall_gap_mean,job,mode,washer,nozzle,seconds_since_subtask,recent_rate_change,w1_count,w1_rate,w1_gap_mean,w1_gap_cv,w1_progress_gain,w1_coverage,w5_count,w5_rate,w5_gap_mean,w5_gap_cv,w5_progress_gain,w5_coverage,w15_count,w15_rate,w15_gap_mean,w15_gap_cv,w15_progress_gain,w15_coverage
17,16.6,0.15789473,0.9496474,33,1.9879518072289155,27.53125,SUBURBIA_DETACHEDHOUSE,Career,POWERWASHER_BRANDB_MEDIUM_NAME,NOZZLE_BRANDB_MEDIUM_40DEGREE_NAME,13.0,-1.2000000000000002,1,1.0,,,0.0,1.0,8,1.6,27.857142857142858,1.0639264605591754,0.05832172,1.0,33,2.2,27.53125,1.1805809567190697,0.2459904699999999,1.0
8,8.233333333333333,0.23684211,0.113788776,5,0.6072874493927126,66.0,RECREATIONGROUND_SKATEPARK,Career,POWERWASHER_BRANDA_HEAVY_NAME,NOZZLE_BRANDA_HEAVY_25DEGREE_NAME,80.0,-0.6072874493927126,0,0.0,,,0.0,1.0,4,0.8,72.33333333333333,0.6890595275847899,0.038057886,1.0,5,0.6072874493927126,66.0,0.6747954830801016,0.0477998259999999,0.5488888888888889
16,16.55,0.23684211,0.21576075,11,0.6646525679758308,76.6,RECREATIONGROUND_SKATEPARK,Career,POWERWASHER_BRANDA_HEAVY_NAME,NOZZLE_BRANDA_HEAVY_25DEGREE_NAME,77.0,-0.7333333333333333,0,0.0,,,0.0,1.0,5,1.0,52.5,0.7844867756270891,0.0349883,1.0,11,0.7333333333333333,76.6,0.7227755826981133,0.1371269,1.0
29,29.166666666666668,0.23684211,0.39022547,15,0.5142857142857142,108.07142857142856,RECREATIONGROUND_SKATEPARK,Career,POWERWASHER_BRANDA_HEAVY_NAME,NOZZLE_BRANDA_HEAVY_40DEGREE_NAME,87.0,-0.4,0,0.0,,,0.0,1.0,2,0.4,86.0,,0.02294872,1.0,6,0.4,152.8,0.7012262771128124,0.16408903,1.0
67,67.31666666666666,0.28947368,0.92714,73,1.0844268383263185,54.208333333333336,FIRESTATION_FIRESTATION,Career,POWERWASHER_BRANDA_HEAVY_NAME,NOZZLE_BRANDA_HEAVY_15DEGREE_NAME,29.0,1.4666666666666666,3,3.0,4.5,0.3333333333333333,0.00120085,1.0,23,4.6,9.772727272727272,1.228268093481458,0.05419805,1.0,23,1.5333333333333334,9.772727272727272,1.228268093481458,0.05419805,1.0
11,10.683333333333334,0.02631579,0.27265292,34,3.182527301092044,14.090909090909092,RESIDENTIALSMALL_BACKYARD,Career,POWERWASHER_BRANDA_LIGHT_NAME,NOZZLE_BRANDA_LIGHT_15DEGREE_NAME,145.0,-3.182527301092044,0,0.0,,,0.0,1.0,11,2.2,15.1,1.8238872290683383,0.13760169,1.0,34,3.182527301092044,14.090909090909092,1.4351129157033573,0.258286302,0.7122222222222222
34,34.1,0.02631579,0.773878,79,2.316715542521994,25.64102564102564,RESIDENTIALSMALL_BACKYARD,Career,POWERWASHER_BRANDA_LIGHT_NAME,NOZZLE_BRANDA_LIGHT_15DEGREE_NAME,15.0,2.533333333333333,5,5.0,4.5,1.0,0.0080300599999999,1.0,12,2.4,25.727272727272727,1.2124003958569711,0.09572676,1.0,37,2.466666666666667,24.36111111111111,1.1405079527715014,0.2969945599999999,1.0
44,43.38333333333333,0.02631579,0.982495,99,2.2819823280829814,25.877551020408163,RESIDENTIALSMALL_BACKYARD,Career,POWERWASHER_BRANDA_LIGHT_NAME,NOZZLE_BRANDA_LIGHT_15DEGREE_NAME,36.0,-1.2666666666666666,1,1.0,,,0.0,1.0,13,2.6,19.916666666666668,1.1198000431739072,0.1047304399999999,1.0,34,2.2666666666666666,25.545454545454547,1.1164890836210148,0.3008171399999999,1.0
11,9.65,0.05263158,0.23029974,5,0.5181347150259067,105.25,RESIDENTIALSMALL_BUNGALOW,Career,POWERWASHER_BRANDA_LIGHT_NAME,NOZZLE_BRANDA_LIGHT_15DEGREE_NAME,31.0,1.4818652849740932,2,2.0,21.0,,0.0033674399999999,1.0,3,0.6,116.0,0.8189655172413793,0.09838684,1.0,5,0.5181347150259067,105.25,0.688963048340602,0.17402789,0.6433333333333333
47,46.016666666666666,0.05263158,0.9187836,49,1.0648315827598696,54.3125,RESIDENTIALSMALL_BUNGALOW,Career,POWERWASHER_BRANDA_LIGHT_NAME,NOZZLE_BRANDA_LIGHT_15DEGREE_NAME,27.0,0.3333333333333333,1,1.0,,,0.0,1.0,5,1.0,64.5,0.5214582963982058,0.1117717,1.0,10,0.6666666666666666,95.44444444444444,0.805354020706218,0.238406,1.0
47,47.43333333333333,0.10526316,0.9757461,45,0.9486999297259312,62.56818181818182,RECREATIONGROUND_PLAYGROUND,Career,POWERWASHER_BRANDB_MEDIUM_NAME,NOZZLE_BRANDB_MEDIUM_15DEGREE_NAME,17.0,1.6,2,2.0,39.0,,0.0046479,1.0,5,1.0,34.25,0.5545043659944145,0.02323937,1.0,6,0.4,59.0,0.8870092482564019,0.02790945,1.0
26,26.2,0.15789473,0.44885117,40,1.5267175572519085,39.1025641025641,SUBURBIA_DETACHEDHOUSE,Career,POWERWASHER_BRANDB_MEDIUM_NAME,NOZZLE_BRANDB_MEDIUM_15DEGREE_NAME,14.0,0.5333333333333334,2,2.0,31.0,,0.0075660499999999,1.0,11,2.2,27.1,1.2025727788292686,0.08143995,1.0,22,1.4666666666666666,40.19047619047619,0.982819726666822,0.1714028,1.0
6,6.783333333333333,0.15789473,0.5347196,10,1.4742014742014742,39.44444444444444,SUBURBIA_DETACHEDHOUSE,Career,POWERWASHER_BRANDB_MEDIUM_NAME,NOZZLE_BRANDB_MEDIUM_15DEGREE_NAME,24.0,-0.4742014742014742,1,1.0,,,0.0,1.0,7,1.4,29.166666666666668,0.9196450069323,0.03591294,1.0,10,1.4742014742014742,39.44444444444444,1.0051089489237008,0.07742606,0.4522222222222222
22,22.1,0.15789473,0.6676425,18,0.8144796380090498,66.58823529411765,SUBURBIA_DETACHEDHOUSE,Career,POWERWASHER_BRANDB_MEDIUM_NAME,NOZZLE_BRANDB_MEDIUM_15DEGREE_NAME,122.0,-0.7333333333333333,0,0.0,,,0.0,1.0,1,0.2,,,0.0,1.0,11,0.7333333333333333,67.2,0.9843904657209293,0.05511743,1.0
17,14.75,0.34210527,0.672183,9,0.6101694915254238,93.125,FIRESTATION_FIRESTATION,Career,POWERWASHER_BRANDA_HEAVY_NAME,NOZZLE_BRANDA_HEAVY_40DEGREE_NAME,13.0,0.3898305084745762,1,1.0,,,0.0,1.0,1,0.2,,,0.0,1.0,9,0.6101694915254238,93.125,1.930583546742684,0.16707286,0.9833333333333332
15,14.8,0.18421052,0.64764357,43,2.9054054054054053,17.928571428571427,NATIONALPARK_SHOEHOUSE,Career,POWERWASHER_BRANDB_MEDIUM_NAME,NOZZLE_BRANDB_MEDIUM_15DEGREE_NAME,26.0,-1.9054054054054053,1,1.0,,,0.0,1.0,20,4.0,13.894736842105264,0.913609351829451,0.21681722,1.0,43,2.9054054054054053,17.928571428571427,0.8682303918750189,0.5995997230000001,0.9866666666666668
6,5.833333333333333,0.21052632,0.86361766,18,3.085714285714286,16.647058823529413,SUBURBIA_VINTAGECAR,Career,POWERWASHER_BRANDB_MEDIUM_NAME,NOZZLE_BRANDB_MEDIUM_0DEGREE_NAME,45.0,-2.085714285714286,1,1.0,,,0.0,1.0,16,3.2,16.066666666666666,0.8208429599444779,0.2811401999999999,1.0,18,3.085714285714286,16.647058823529413,0.8194985476619514,0.3030176999999999,0.3888888888888889
15,15.316666666666666,0.15789473,0.27361098,3,0.1958650707290533,69.0,SUBURBIA_DETACHEDHOUSE,Career,POWERWASHER_BRANDA_LIGHT_NAME,NOZZLE_BRANDA_LIGHT_15DEGREE_NAME,271.0,-0.2,0,0.0,,,0.0,1.0,1,0.2,,,0.0,1.0,3,0.2,69.0,0.2753623188405797,0.0034130599999999,1.0
25,24.8,0.15789473,0.46379024,9,0.3629032258064516,158.875,SUBURBIA_DETACHEDHOUSE,Career,POWERWASHER_BRANDA_LIGHT_NAME,NOZZLE_BRANDA_LIGHT_0DEGREE_NAME,13.0,0.6666666666666667,1,1.0,,,0.0,1.0,2,0.4,241.0,,0.00241592,1.0,5,0.3333333333333333,189.25,0.8849296992142298,0.01553532,1.0
16,15.366666666666667,0.15789473,0.8578495,15,0.9761388286334056,62.285714285714285,SUBURBIA_DETACHEDHOUSE,Career,POWERWASHER_BRANDA_LIGHT_NAME,NOZZLE_BRANDA_LIGHT_25DEGREE_NAME,20.0,1.0,2,2.0,0.0,,5.266000000003768e-05,1.0,8,1.6,39.42857142857143,0.7283960506161775,0.0492856,1.0,15,1.0,62.285714285714285,2.0687119834001653,0.1503679399999999,1.0
24,23.216666666666665,0.15789473,0.9187613,23,0.9906676238334532,57.13636363636363,SUBURBIA_DETACHEDHOUSE,Career,POWERWASHER_BRANDA_LIGHT_NAME,NOZZLE_BRANDA_LIGHT_15DEGREE_NAME,106.0,-1.1333333333333333,0,0.0,,,0.0,1.0,6,1.2,37.4,0.4495160574046526,0.00982881,1.0,17,1.1333333333333333,42.0625,0.62678071734485,0.0803840599999999,1.0
8,8.416666666666666,0.23684211,0.10015019,20,2.376237623762377,23.73684210526316,NATIONALPARK_STORYBOOKHOUSE,Career,POWERWASHER_BRANDA_LIGHT_NAME,NOZZLE_BRANDA_LIGHT_15DEGREE_NAME,12.0,0.6237623762376234,3,3.0,17.5,0.6571428571428571,0.010164,1.0,13,2.6,21.916666666666668,0.5865257804605668,0.056197643,1.0,20,2.376237623762377,23.73684210526316,0.5551833689099424,0.0918500857,0.5611111111111111
133,119.96666666666668,0.23684211,0.6653343,29,0.2417338149485968,230.75,NATIONALPARK_STORYBOOKHOUSE,Career,POWERWASHER_BRANDA_LIGHT_NAME,NOZZLE_BRANDA_LIGHT_15DEGREE_NAME,67.0,-1.4666666666666666,0,0.0,,,0.0,1.0,13,2.6,16.0,0.6755591819621234,0.04760506,1.0,22,1.4666666666666666,32.904761904761905,1.982762732562782,0.1183999,1.0
156,142.66666666666666,0.23684211,0.8950589,100,0.7009345794392524,79.53535353535354,NATIONALPARK_STORYBOOKHOUSE,Career,POWERWASHER_BRANDA_LIGHT_NAME,NOZZLE_BRANDA_LIGHT_0DEGREE_NAME,16.0,-1.6,1,1.0,,,0.0,1.0,10,2.0,29.88888888888889,0.7520143804783672,0.0392436699999999,1.0,39,2.6,22.57894736842105,0.9509603916901214,0.1496164999999999,1.0
8,5.983333333333333,0.0,0.9014047,28,4.67966573816156,11.925925925925926,HOME_VAN,Career,POWERWASHER_BRANDA_LIGHT_NAME,NOZZLE_BRANDA_LIGHT_15DEGREE_NAME,20.0,3.32033426183844,8,8.0,5.714285714285714,0.8860022573334674,0.1118432999999999,1.0,24,4.8,10.782608695652174,0.9909515182643742,0.60461015,1.0,28,4.67966573816156,11.925925925925926,0.9799699159797992,0.8615441979999999,0.3988888888888889
21,21.416666666666668,0.10526316,0.95992696,68,3.1750972762645917,16.940298507462686,RECREATIONGROUND_PLAYGROUND,Career,POWERWASHER_BRANDB_MEDIUM_NAME,NOZZLE_BRANDB_MEDIUM_15DEGREE_NAME,13.0,2.8,7,7.0,7.666666666666667,0.430412823330942,0.0051359999999999,1.0,49,9.8,5.895833333333333,1.0266036331227164,0.0429001999999999,1.0,63,4.2,6.0,0.96395615540026,0.0595958999999999,1.0
7,7.383333333333334,0.15789473,0.7688839,3,0.4063205417607223,49.5,SUBURBIA_DETACHEDHOUSE,Career,POWERWASHER_BRANDB_MEDIUM_NAME,NOZZLE_BRANDB_MEDIUM_15DEGREE_NAME,243.0,-0.4063205417607223,0,0.0,,,0.0,1.0,1,0.2,,,0.0,1.0,3,0.4063205417607223,49.5,0.9393939393939394,0.02350156,0.4922222222222222
16,15.816666666666666,0.15789473,0.8713047,13,0.8219178082191781,63.41666666666666,SUBURBIA_DETACHEDHOUSE,Career,POWERWASHER_BRANDB_MEDIUM_NAME,NOZZLE_BRANDB_MEDIUM_15DEGREE_NAME,87.0,-0.8666666666666667,0,0.0,,,0.0,1.0,7,1.4,29.5,0.5996423971840403,0.0310766,1.0,13,0.8666666666666667,63.41666666666666,1.2539269905443156,0.1574709,1.0
40,39.85,0.28947368,0.5223329,111,2.7854454203262238,21.01818181818182,NATIONALPARK_STORYBOOKHOUSE,Career,POWERWASHER_BRANDB_MEDIUM_NAME,NOZZLE_BRANDB_MEDIUM_0DEGREE_NAME,24.0,-1.7999999999999998,1,1.0,,,0.0,1.0,22,4.4,12.523809523809524,1.6342822806268933,0.0588432199999999,1.0,42,2.8,20.78048780487805,2.068266285867916,0.1774404299999999,1.0
23,22.48333333333333,0.05263158,0.12159111,70,3.113417346182357,17.985507246376812,RECREATIONGROUND_MINIGOLF,Special,POWERWASHER_BRANDA_HEAVY_NAME,NOZZLE_BRANDA_HEAVY_15DEGREE_NAME,12.0,1.9333333333333336,6,6.0,8.8,0.6404092183456986,0.0039527199999999,1.0,32,6.4,9.129032258064516,0.6915330668120468,0.0263967039999999,1.0,61,4.066666666666666,14.716666666666669,1.3259335216579604,0.07988681,1.0
31,31.25,0.10526316,0.81835324,86,2.752,20.576470588235296,RECREATIONGROUND_PLAYGROUND,Career,POWERWASHER_BRANDB_MEDIUM_NAME,NOZZLE_BRANDB_MEDIUM_15DEGREE_NAME,12.0,4.466666666666667,9,9.0,6.0,1.5388487760516156,0.0074930699999999,1.0,38,7.6,7.351351351351352,1.68488279037476,0.0363716299999999,1.0,68,4.533333333333333,12.865671641791044,1.7465450538756078,0.1633790300000001,1.0
28,27.78333333333333,0.15789473,0.7624486,60,2.159568086382724,24.83050847457627,SUBURBIA_DETACHEDHOUSE,Career,POWERWASHER_BRANDB_MEDIUM_NAME,NOZZLE_BRANDB_MEDIUM_15DEGREE_NAME,150.0,-2.0,0,0.0,,,0.0,1.0,7,1.4,25.0,1.2695405993245483,0.03464293,1.0,30,2.0,24.06896551724138,1.00864482820016,0.20670229,1.0
10,9.433333333333334,0.10526316,0.12664217,16,1.696113074204947,28.866666666666667,RECREATIONGROUND_PLAYGROUND,Career,POWERWASHER_BRANDB_MEDIUM_NAME,NOZZLE_BRANDB_MEDIUM_25DEGREE_NAME,82.0,-1.696113074204947,0,0.0,,,0.0,1.0,13,2.6,4.25,1.771555334867717,0.0100624199999999,1.0,16,1.696113074204947,28.866666666666667,1.9389582840986237,0.1034063272,0.6288888888888889
77,77.15,0.10526316,0.82585233,154,1.9961114711600776,29.80392156862745,RECREATIONGROUND_PLAYGROUND,Career,POWERWASHER_BRANDB_MEDIUM_NAME,NOZZLE_BRANDB_MEDIUM_40DEGREE_NAME,18.0,-1.0,1,1.0,,,0.0,1.0,4,0.8,58.0,0.4651978470080014,0.0810455999999999,1.0,30,2.0,28.96551724137931,1.5357705785179208,0.1935703599999999,1.0
46,45.11666666666667,0.15789473,0.47271788,36,0.7979312892500924,67.97142857142858,SUBURBIA_DETACHEDHOUSE,Career,POWERWASHER_BRANDB_MEDIUM_NAME,NOZZLE_BRANDB_MEDIUM_15DEGREE_NAME,90.0,-1.1333333333333333,0,0.0,,,0.0,1.0,7,1.4,31.5,1.1732796776480992,0.04494089,1.0,17,1.1333333333333333,47.1875,0.8028271172566498,0.1995862399999999,1.0
82,80.83333333333333,0.15789473,0.83914113,68,0.8412371134020619,67.13432835820896,SUBURBIA_DETACHEDHOUSE,Career,POWERWASHER_BRANDB_MEDIUM_NAME,NOZZLE_BRANDB_MEDIUM_25DEGREE_NAME,114.0,-0.9333333333333332,0,0.0,,,0.0,1.0,1,0.2,,,0.0,1.0,14,0.9333333333333332,57.15384615384615,1.2703837433278795,0.14632661,1.0
25,25.366666666666667,0.02631579,0.9841026,36,1.419185282522996,41.57142857142857,RESIDENTIALSMALL_BACKYARD,Career,POWERWASHER_BRANDA_LIGHT_NAME,NOZZLE_BRANDA_LIGHT_0DEGREE_NAME,10.0,1.5333333333333334,3,3.0,2.0,0.0,0.00010865,1.0,12,2.4,20.363636363636363,1.3299825695113758,0.02917915,1.0,22,1.4666666666666666,39.142857142857146,1.2428244326424922,0.1594718,1.0
88,88.46666666666667,0.10526316,0.8365759,82,0.9269027882441596,64.46913580246914,RECREATIONGROUND_PLAYGROUND,Career,POWERWASHER_BRANDA_LIGHT_NAME,NOZZLE_BRANDA_LIGHT_15DEGREE_NAME,12.0,0.6000000000000001,2,2.0,7.0,,0.00193695,1.0,5,1.0,37.5,0.7743671251056855,0.0160287,1.0,21,1.4,36.7,1.0220381190111414,0.0723645,1.0
25,24.666666666666668,0.18421052,0.56914175,29,1.1756756756756757,39.96428571428572,NATIONALPARK_SHOEHOUSE,Career,POWERWASHER_BRANDA_LIGHT_NAME,NOZZLE_BRANDA_LIGHT_15DEGREE_NAME,112.0,-1.5333333333333334,0,0.0,,,0.0,1.0,3,0.6,56.0,0.6607142857142857,0.0499314599999999,1.0,23,1.5333333333333334,34.5,0.8711776881001774,0.3862772799999999,1.0
41,41.48333333333333,0.18421052,0.9008491,69,1.663318601848132,32.48529411764706,NATIONALPARK_SHOEHOUSE,Career,POWERWASHER_BRANDA_LIGHT_NAME,NOZZLE_BRANDA_LIGHT_0DEGREE_NAME,31.0,1.6666666666666663,4,4.0,3.6666666666666665,0.5604012729971798,0.0087379399999999,1.0,17,3.4,14.25,1.5301424102446886,0.0626692399999999,1.0,35,2.333333333333333,25.41176470588235,1.6987145143819022,0.2782967699999999,1.0
32,31.98333333333333,0.23684211,0.9578288,62,1.938509640437728,30.59016393442623,NATIONALPARK_STORYBOOKHOUSE,Career,POWERWASHER_BRANDA_LIGHT_NAME,NOZZLE_BRANDA_LIGHT_15DEGREE_NAME,18.0,-0.2666666666666666,2,2.0,33.0,,0.00600715,1.0,12,2.4,25.09090909090909,0.3832024926700945,0.0476806499999999,1.0,34,2.2666666666666666,25.181818181818183,1.1765815030542608,0.07171985,1.0
37,36.68333333333333,0.2631579,0.19991106,8,0.2180826896865061,101.57142857142856,RECREATIONGROUND_SKATEPARK,Career,POWERWASHER_BRANDA_LIGHT_NAME,NOZZLE_BRANDA_LIGHT_15DEGREE_NAME,107.0,-0.5333333333333333,0,0.0,,,0.0,1.0,2,0.4,39.0,,0.0051823699999999,1.0,8,0.5333333333333333,101.57142857142856,1.8373372919747424,0.03623545,1.0
101,101.23333333333332,0.2631579,0.49594617,29,0.286466908133026,166.75,RECREATIONGROUND_SKATEPARK,Career,POWERWASHER_BRANDA_LIGHT_NAME,NOZZLE_BRANDA_LIGHT_15DEGREE_NAME,22.0,2.6,3,3.0,9.5,0.4736842105263157,0.0020083799999999,1.0,5,1.0,56.25,0.8859841427669954,0.02127579,1.0,6,0.4,105.6,1.0255572518234546,0.0397199999999999,1.0
111,111.0,0.2631579,0.5879333,31,0.2792792792792792,171.83333333333334,RECREATIONGROUND_SKATEPARK,Career,POWERWASHER_BRANDA_LIGHT_NAME,NOZZLE_BRANDA_LIGHT_15DEGREE_NAME,122.0,-0.4666666666666667,0,0.0,,,0.0,1.0,2,0.4,62.0,,0.0136144999999999,1.0,7,0.4666666666666667,118.5,1.2031236976188169,0.08801623,1.0
139,138.86666666666667,0.2631579,0.7873629,35,0.2520403264522323,201.11764705882356,RECREATIONGROUND_SKATEPARK,Career,POWERWASHER_BRANDA_LIGHT_NAME,NOZZLE_BRANDA_LIGHT_15DEGREE_NAME,111.0,-0.2,0,0.0,,,0.0,1.0,1,0.2,,,0.0,1.0,3,0.2,235.0,0.9957446808510638,0.0556684499999999,1.0
7,6.2,0.2631579,0.8422295,5,0.8064516129032258,68.75,RECREATIONGROUND_SKATEPARK,Career,POWERWASHER_BRANDA_LIGHT_NAME,NOZZLE_BRANDA_LIGHT_15DEGREE_NAME,53.0,0.1935483870967742,1,1.0,,,0.0,1.0,4,0.8,74.0,0.5442440693406018,0.0173312599999999,1.0,5,0.8064516129032258,68.75,0.5242799075757179,0.0193827999999999,0.4133333333333333
12,11.733333333333333,0.2631579,0.8677313,7,0.5965909090909092,105.33333333333331,RECREATIONGROUND_SKATEPARK,Career,POWERWASHER_BRANDA_LIGHT_NAME,NOZZLE_BRANDA_LIGHT_15DEGREE_NAME,28.0,0.4034090909090908,1,1.0,,,0.0,1.0,2,0.4,66.0,,0.0142478999999999,1.0,7,0.5965909090909092,105.33333333333331,0.8363894715868805,0.0468657999999999,0.7822222222222223
18,16.916666666666668,0.31578946,0.50222325,14,0.8275862068965517,61.38461538461539,FIRESTATION_FIRESTATION,Career,POWERWASHER_BRANDB_MEDIUM_NAME,NOZZLE_BRANDB_MEDIUM_0DEGREE_NAME,63.0,-0.9333333333333332,0,0.0,,,0.0,1.0,4,0.8,50.66666666666666,0.1302565123238377,0.01107752,1.0,14,0.9333333333333332,61.38461538461539,0.943511662592536,0.06710985,1.0
70,70.53333333333333,0.57894737,0.3227383,53,0.7514177693761815,78.3076923076923,NATIONALPARK_TREEHOUSE,Career,POWERWASHER_BRANDB_MEDIUM_NAME,NOZZLE_BRANDB_MEDIUM_15DEGREE_NAME,69.0,-0.6666666666666666,0,0.0,,,0.0,1.0,6,1.2,19.8,0.5367810204277342,0.0077241799999999,1.0,10,0.6666666666666666,70.33333333333333,1.3911870008414284,0.0517016499999999,1.0
6,5.85,0.57894737,0.48010683,15,2.5641025641025643,14.714285714285714,NATIONALPARK_TREEHOUSE,Career,POWERWASHER_BRANDB_MEDIUM_NAME,NOZZLE_BRANDB_MEDIUM_SOAP_NAME,22.0,-0.5641025641025643,2,2.0,24.0,,0.00209877,1.0,15,3.0,14.714285714285714,0.7805728637763797,0.0303626,1.0,15,2.5641025641025643,14.714285714285714,0.7805728637763797,0.0303626,0.39
