feature,mae_increase,std
overall_gap_mean,0.03807735871724098,0.020224027774263385
overall_rate,0.028633748659489554,0.007301332324491029
w1_progress_gain,0.019608000327546903,0.0052173148038515745
w15_gap_mean,0.019116545319755218,0.012494643375024855
seconds_since_subtask,0.01815875167134422,0.006808567060014162
w15_count,0.015037960789539184,0.01931992259816283
w15_coverage,0.013591928369890737,0.0036706060529607047
w15_rate,0.010526711849839642,0.006312629902449103
w5_count,0.006533569261923944,0.0031682474739768954
w1_gap_mean,0.005503970783953704,0.006909165434770723
w5_gap_mean,0.0049885514494274474,0.006132678617943539
w1_rate,0.0013466417144361031,0.0019060752059127815
w5_coverage,0.0,0.0
w1_coverage,0.0,0.0
w1_count,-4.365238727679355e-05,0.001000907823796174
w1_gap_cv,-0.00021748677365245327,0.004220957735551425
job,-0.0008662359527860985,0.005058839442111032
episode_minutes,-0.0009535349207261846,0.01370698662907182
washer,-0.0018502068108922742,0.010353452528924747
mode,-0.0018983986091384963,0.0007778280540779127
w5_rate,-0.002472987850196873,0.002346395992815034
session_minutes,-0.00529216038826128,0.018383760072785294
campaign_progress,-0.006452410711845147,0.018753709421168538
w5_progress_gain,-0.007756311200396482,0.007251424427349567
recent_rate_change,-0.009156780545700372,0.016456698357799966
w15_gap_cv,-0.009850714705953934,0.005375950610490308
nozzle,-0.010279372231782347,0.0044707606869254434
subtasks_total,-0.012338667336339171,0.013873799747540253
w15_progress_gain,-0.015238784043880215,0.0056883557286287615
level_progress,-0.01731942290716155,0.014935877821141499
w5_gap_cv,-0.01959394318447245,0.005739199644532722
