player_id,split
p10045,train
p10060,train
p10070,train
p1008,train
p10080,train
p10098,train
p10103,train
p10116,train
p1016,train
p10184,train
p1019,train
p10190,train
p10192,train
p10209,train
p10214,train
p10261,train
p10277,train
p10284,train
p10295,train
p10350,train
p10359,train
p10369,train
p10372,train
p1040,train
p10401,train
p10402,train
p10415,train
p10428,train
p10490,train
p10504,train
p1051,train
p10537,train
p10550,train
p10551,train
p10577,train
p10580,train
p10649,train
p10685,train
p10720,train
p10726,train
p10743,train
p10750,train
p10766,train
p10767,train
p10774,train
p10780,train
p10810,train
p10833,train
p10843,train
p10847,train
p1085,train
p10872,train
p10898,train
p10909,train
p10916,train
p10936,train
p10949,train
p10956,train
p10967,train
p10977,train
p10986,train
p11031,train
p11034,train
p11049,train
p11059,train
p11083,train
p11093,train
p11100,train
p11108,train
p11118,train
p11119,train
p11155,train
p11161,train
p11176,train
p11191,train
p11197,train
p11216,train
p11219,train
p1122,train
p11222,train
p11225,train
p1125,train
p11252,train
p11260,train
p11266,train
p11285,train
p1129,train
p11306,train
p1132,train
p1135,train
p1141,train
p1149,train
p1156,train
p1173,train
p1182,train
p1204,train
p1216,train
p1224,train
p1225,train
p1247,train
p1267,train
p1270,train
p1283,train
p1315,train
p132,train
p1329,train
p1330,train
p1335,train
p1341,train
p1350,train
p1387,train
p1396,train
p1420,train
p1427,train
p1462,train
p147,train
p1472,train
p149,train
p1490,train
p1505,train
p1507,train
p1524,train
p1535,train
p1545,train
p1585,train
p1675,train
p1700,train
p1715,train
p1731,train
p1738,train
p1750,train
p1758,train
p1813,train
p1830,train
p184,train
p1866,train
p1898,train
p1916,train
p1932,train
p1943,train
p1960,train
p1976,train
p1986,train
p2001,train
p2016,train
p2045,train
p205,train
p2102,train
p2126,train
p2129,train
p2145,train
p2158,train
p217,train
p22,train
p2201,train
p2239,train
p224,train
p2269,train
p2270,train
p2287,train
p2324,train
p233,train
p2381,train
p2395,train
p2396,train
p2398,train
p2420,train
p2423,train
p243,train
p2441,train
p2450,train
p2465,train
p2478,train
p2508,train
p2534,train
p2538,train
p2560,train
p2570,train
p2589,train
p2592,train
p2593,train
p2613,train
p2631,train
p2633,train
p2640,train
p2693,train
p2722,train
p2734,train
p2736,train
p2770,train
p2778,train
p2785,train
p2786,train
p2790,train
p2795,train
p2810,train
p2863,train
p2867,train
p2872,train
p2896,train
p2906,train
p2909,train
p293,train
p2935,train
p2946,train
p2975,train
p3075,train
p3092,train
p3095,train
p3098,train
p3099,train
p3112,train
p3227,train
p3239,train
p3250,train
p3254,train
p3283,train
p3313,train
p3336,train
p335,train
p3387,train
p3404,train
p3437,train
p3444,train
p3452,train
p3486,train
p349,train
p3512,train
p3517,train
p3528,train
p3544,train
p3547,train
p3548,train
p3569,train
p3575,train
p3584,train
p3592,train
p3634,train
p3653,train
p3685,train
p3688,train
p3698,train
p37,train
p3702,train
p3748,train
p3751,train
p3762,train
p3763,train
p378,train
p3780,train
p3782,train
p3799,train
p3842,train
p3844,train
p3849,train
p3853,train
p3885,train
p3908,train
p3918,train
p3964,train
p3975,train
p3988,train
p3999,train
p4013,train
p402,train
p4028,train
p4045,train
p4060,train
p4082,train
p4101,train
p4103,train
p4105,train
p4122,train
p4126,train
p4134,train
p4148,train
p4161,train
p4188,train
p4221,train
p4277,train
p428,train
p4287,train
p4301,train
p431,train
p4314,train
p4332,train
p4363,train
p4373,train
p4394,train
p4410,train
p4412,train
p4417,train
p4456,train
p4470,train
p4475,train
p4487,train
p452,train
p4541,train
p4568,train
p457,train
p4618,train
p4638,train
p4668,train
p469,train
p4697,train
p4715,train
p472,train
p4743,train
p4746,train
p4757,train
p4780,train
p4794,train
p4797,train
p4801,train
p4824,train
p4842,train
p4862,train
p4866,train
p4871,train
p4874,train
p4905,train
p4940,train
p4975,train
p50,train
p5012,train
p5015,train
p5018,train
p506,train
p5083,train
p5104,train
p5115,train
p5142,train
p5151,train
p5175,train
p5217,train
p522,train
p5224,train
p5243,train
p5261,train
p5296,train
p5331,train
p5337,train
p54,train
p5400,train
p5412,train
p5420,train
p5433,train
p5440,train
p5486,train
p5528,train
p5529,train
p5558,train
p5585,train
p5598,train
p56,train
p5603,train
p5636,train
p5647,train
p5648,train
p5656,train
p5712,train
p572,train
p5728,train
p5734,train
p5743,train
p5767,train
p5770,train
p5772,train
p5774,train
p578,train
p5790,train
p5799,train
p5809,train
p5810,train
p5825,train
p5828,train
p5833,train
p5837,train
p5841,train
p5875,train
p588,train
p5882,train
p5902,train
p5952,train
p5955,train
p596,train
p5968,train
p5996,train
p6014,train
p6036,train
p605,train
p6052,train
p6071,train
p6078,train
p609,train
p6099,train
p6149,train
p6162,train
p6168,train
p6179,train
p6183,train
p6186,train
p6188,train
p6200,train
p6205,train
p6212,train
p6213,train
p6245,train
p6253,train
p6329,train
p6336,train
p6361,train
p6407,train
p6426,train
p6446,train
p6452,train
p646,train
p6488,train
p6498,train
p6532,train
p6535,train
p6544,train
p6548,train
p6581,train
p6596,train
p6597,train
p6610,train
p6612,train
p6619,train
p6664,train
p667,train
p6681,train
p6682,train
p6684,train
p6690,train
p6693,train
p6729,train
p6761,train
p678,train
p6789,train
p681,train
p6829,train
p6834,train
p6855,train
p6896,train
p6918,train
p6935,train
p6945,train
p6950,train
p7000,train
p7044,train
p7062,train
p7080,train
p7097,train
p7103,train
p7119,train
p7131,train
p7132,train
p7143,train
p7154,train
p7159,train
p7188,train
p7217,train
p7232,train
p7277,train
p729,train
p7306,train
p7307,train
p7313,train
p7319,train
p733,train
p7337,train
p7345,train
p7354,train
p737,train
p7374,train
p7384,train
p7395,train
p7396,train
p748,train
p7507,train
p7513,train
p7519,train
p7544,train
p7547,train
p7584,train
p7588,train
p760,train
p7608,train
p7623,train
p7632,train
p7646,train
p7648,train
p7729,train
p7731,train
p7739,train
p7741,train
p7742,train
p7759,train
p777,train
p780,train
p7809,train
p7810,train
p7817,train
p7847,train
p7862,train
p7879,train
p7885,train
p7890,train
p7895,train
p790,train
p7936,train
p794,train
p7940,train
p7942,train
p7988,train
p8008,train
p8023,train
p8083,train
p8086,train
p8090,train
p8124,train
p814,train
p8145,train
p8179,train
p8184,train
p8185,train
p8210,train
p8215,train
p822,train
p823,train
p8255,train
p8256,train
p8260,train
p8268,train
p8273,train
p8275,train
p8279,train
p8290,train
p8303,train
p8311,train
p832,train
p8320,train
p833,train
p8330,train
p8337,train
p8360,train
p8362,train
p8386,train
p840,train
p8434,train
p8443,train
p8451,train
p8506,train
p853,train
p8538,train
p8546,train
p8575,train
p861,train
p8622,train
p864,train
p8665,train
p8669,train
p8695,train
p8704,train
p8713,train
p876,train
p8775,train
p8795,train
p8825,train
p8832,train
p8845,train
p8848,train
p885,train
p8885,train
p8888,train
p8904,train
p8913,train
p8914,train
p8941,train
p900,train
p9025,train
p9027,train
p9081,train
p9083,train
p9099,train
p9103,train
p9148,train
p918,train
p9184,train
p9185,train
p921,train
p9212,train
p9219,train
p9261,train
p9272,train
p9302,train
p9303,train
p9309,train
p9332,train
p9339,train
p9360,train
p9369,train
p9418,train
p9429,train
p9471,train
p9483,train
p9516,train
p9529,train
p9537,train
p9541,train
p9573,train
p9629,train
p9639,train
p964,train
p9681,train
p9709,train
p9712,train
p9715,train
p9725,train
p9734,train
p9768,train
p9791,train
p980,train
p9801,train
p9825,train
p9829,train
p983,train
p9845,train
p9846,train
p9867,train
p9873,train
p9878,train
p9893,train
p9897,train
p9911,train
p9936,train
p9937,train
p9938,train
p9941,train
p9955,train
p996,train
p9964,train
p9965,train
p9985,train
p10049,validation
p10147,validation
p10166,validation
p10213,validation
p10247,validation
p10320,validation
p10451,validation
p10456,validation
p1048,validation
p10499,validation
p10662,validation
p10791,validation
p10917,validation
p10931,validation
p10952,validation
p11056,validation
p11092,validation
p11135,validation
p11156,validation
p11158,validation
p1118,validation
p11262,validation
p11303,validation
p11307,validation
p1185,validation
p1203,validation
p1212,validation
p1248,validation
p125,validation
p1326,validation
p136,validation
p1419,validation
p142,validation
p1450,validation
p1611,validation
p1717,validation
p1957,validation
p1977,validation
p198,validation
p2092,validation
p2104,validation
p2113,validation
p2124,validation
p2185,validation
p2292,validation
p2316,validation
p2337,validation
p2422,validation
p2466,validation
p247,validation
p2579,validation
p2659,validation
p2767,validation
p2844,validation
p2859,validation
p3014,validation
p3191,validation
p3217,validation
p3220,validation
p3255,validation
p3260,validation
p3417,validation
p3434,validation
p3492,validation
p3551,validation
p3601,validation
p3669,validation
p3696,validation
p3743,validation
p3745,validation
p3747,validation
p3755,validation
p3792,validation
p3838,validation
p3888,validation
p393,validation
p397,validation
p3981,validation
p4032,validation
p4040,validation
p4089,validation
p4149,validation
p4167,validation
p438,validation
p4488,validation
p4534,validation
p4535,validation
p4546,validation
p4601,validation
p4617,validation
p4621,validation
p4630,validation
p4677,validation
p4735,validation
p4766,validation
p4793,validation
p4883,validation
p4926,validation
p4993,validation
p502,validation
p5037,validation
p5042,validation
p5047,validation
p5074,validation
p5178,validation
p5180,validation
p5197,validation
p5212,validation
p5249,validation
p5251,validation
p5312,validation
p5314,validation
p5345,validation
p5378,validation
p5387,validation
p5447,validation
p5478,validation
p5533,validation
p558,validation
p5639,validation
p5655,validation
p5720,validation
p5732,validation
p5921,validation
p5975,validation
p6023,validation
p6030,validation
p6135,validation
p6136,validation
p6191,validation
p6227,validation
p6240,validation
p6298,validation
p6370,validation
p6415,validation
p6457,validation
p6528,validation
p660,validation
p6623,validation
p6648,validation
p67,validation
p6702,validation
p6708,validation
p6711,validation
p6725,validation
p6771,validation
p6790,validation
p682,validation
p6824,validation
p6876,validation
p6887,validation
p6895,validation
p6931,validation
p6973,validation
p7048,validation
p7051,validation
p7082,validation
p7109,validation
p7114,validation
p7177,validation
p720,validation
p7249,validation
p7272,validation
p7323,validation
p739,validation
p741,validation
p7466,validation
p7528,validation
p7532,validation
p761,validation
p7633,validation
p7720,validation
p773,validation
p7747,validation
p779,validation
p7828,validation
p8007,validation
p8044,validation
p806,validation
p8136,validation
p8194,validation
p8238,validation
p8424,validation
p8505,validation
p8576,validation
p8582,validation
p8583,validation
p8586,validation
p8599,validation
p8603,validation
p8717,validation
p8772,validation
p8774,validation
p8783,validation
p8876,validation
p8902,validation
p8939,validation
p8987,validation
p8990,validation
p8991,validation
p901,validation
p9072,validation
p9198,validation
p9245,validation
p9305,validation
p935,validation
p9357,validation
p9399,validation
p9444,validation
p9478,validation
p9594,validation
p9627,validation
p9677,validation
p9913,validation
p9935,validation
p9957,validation
p10053,test
p10059,test
p10104,test
p10137,test
p10219,test
p10335,test
p10336,test
p10412,test
p10520,test
p10541,test
p10555,test
p10578,test
p10611,test
p10616,test
p10692,test
p10731,test
p10735,test
p10765,test
p10802,test
p10828,test
p10868,test
p10899,test
p10915,test
p10961,test
p11009,test
p11013,test
p11081,test
p11091,test
p11101,test
p11283,test
p11299,test
p11305,test
p1241,test
p1328,test
p1357,test
p1407,test
p1461,test
p152,test
p1613,test
p1631,test
p1763,test
p1772,test
p1795,test
p1894,test
p1923,test
p2089,test
p2186,test
p2193,test
p2237,test
p2326,test
p2481,test
p2510,test
p2537,test
p2641,test
p2652,test
p2688,test
p270,test
p274,test
p2746,test
p2797,test
p2832,test
p291,test
p2917,test
p3124,test
p3137,test
p3140,test
p3186,test
p320,test
p3305,test
p3391,test
p3395,test
p3427,test
p3519,test
p3558,test
p3610,test
p368,test
p3725,test
p3738,test
p3769,test
p3833,test
p3851,test
p3987,test
p4009,test
p4051,test
p407,test
p4099,test
p4113,test
p412,test
p4123,test
p4144,test
p4153,test
p4255,test
p4306,test
p4334,test
p4368,test
p4387,test
p4495,test
p4596,test
p4669,test
p4670,test
p4673,test
p4729,test
p4771,test
p4813,test
p4849,test
p4902,test
p4904,test
p4945,test
p4948,test
p4973,test
p4985,test
p503,test
p5067,test
p5119,test
p5182,test
p5230,test
p5242,test
p5266,test
p5301,test
p5455,test
p5482,test
p5508,test
p5536,test
p5594,test
p5625,test
p5646,test
p5748,test
p5751,test
p5757,test
p5880,test
p5895,test
p5899,test
p6075,test
p6171,test
p6256,test
p6301,test
p6318,test
p6324,test
p6357,test
p6437,test
p6445,test
p6453,test
p6476,test
p6635,test
p6640,test
p6653,test
p6666,test
p6672,test
p6713,test
p6749,test
p6873,test
p6993,test
p7005,test
p7028,test
p7083,test
p7086,test
p7135,test
p7264,test
p727,test
p7309,test
p7315,test
p7381,test
p7464,test
p7486,test
p7524,test
p7595,test
p7599,test
p7625,test
p7679,test
p7695,test
p7758,test
p7811,test
p802,test
p8173,test
p82,test
p8241,test
p8261,test
p8365,test
p837,test
p8419,test
p8425,test
p8459,test
p8460,test
p8497,test
p8552,test
p8577,test
p8650,test
p8742,test
p8777,test
p8815,test
p8827,test
p8858,test
p8910,test
p9006,test
p9029,test
p9096,test
p9165,test
p9169,test
p9178,test
p9186,test
p9201,test
p9239,test
p9291,test
p9340,test
p9346,test
p9393,test
p9398,test
p9406,test
p9519,test
p9567,test
p9623,test
p9723,test
p9743,test
p984,test
p9958,test
p9963,test
